resource,downed,upped,duration,downed reason,eta squawk,day,time
W30 1180,9/13/2018 13:15,,"58,293.10",Squawk,,May 08 2025,10:23:03 AM
WMU31 N1281,1/21/2024 17:33,1/24/2024 17:32,72,,50 Hr Inspect,May 08 2025,10:23:03 AM
WMU31 N1281,2/19/2024 11:54,2/20/2024 8:01,20.1,,50 Hr Inspect,May 08 2025,10:23:03 AM
WMU31 N1281,2/23/2024 11:53,2/23/2024 12:11,0.3,,Other,May 08 2025,10:23:03 AM
WMU31 N1281,2/24/2024 13:22,2/26/2024 9:24,44,,Engine,May 08 2025,10:23:03 AM
WMU31 N1281,2/29/2024 15:17,2/29/2024 16:42,1.4,,Other,May 08 2025,10:23:03 AM
WMU31 N1281,3/11/2024 14:35,3/12/2024 14:12,23.6,Inspection,,May 08 2025,10:23:03 AM
WMU31 N1281,3/11/2024 14:35,3/11/2024 17:24,2.8,,50 Hr Inspect,May 08 2025,10:23:03 AM
WMU31 N1281,3/15/2024 14:55,3/15/2024 16:22,1.5,Squawk,,May 08 2025,10:23:03 AM
WMU31 N1281,4/6/2024 8:35,4/8/2024 15:47,55.2,Squawk,,May 08 2025,10:23:03 AM
WMU31 N1281,4/10/2024 12:13,4/12/2024 11:47,47.6,,50 Hr Inspect,May 08 2025,10:23:03 AM
WMU31 N1281,5/8/2024 10:04,5/10/2024 18:39,56.6,,50 Hr Inspect,May 08 2025,10:23:03 AM
WMU31 N1281,5/15/2024 18:21,5/17/2024 9:25,39.1,,Propeller,May 08 2025,10:23:03 AM
WMU31 N1281,5/18/2024 9:39,5/18/2024 12:03,2.4,Squawk,Other,May 08 2025,10:23:03 AM
WMU31 N1281,5/30/2024 13:28,6/3/2024 14:52,97.4,,50 Hr Inspect,May 08 2025,10:23:03 AM
WMU31 N1281,6/21/2024 13:23,6/27/2024 10:28,141.1,,50 Hr Inspect,May 08 2025,10:23:03 AM
WMU31 N1281,7/15/2024 19:54,7/16/2024 8:13,12.3,,Other,May 08 2025,10:23:03 AM
WMU31 N1281,7/19/2024 15:04,7/24/2024 16:20,121.3,,50 Hr Inspect,May 08 2025,10:23:03 AM
WMU31 N1281,8/14/2024 16:34,8/16/2024 14:50,46.3,,50 Hr Inspect,May 08 2025,10:23:03 AM
WMU31 N1281,8/26/2024 16:14,8/26/2024 19:02,2.8,,Engine,May 08 2025,10:23:03 AM
WMU31 N1281,9/4/2024 6:27,9/4/2024 10:53,4.4,Squawk,,May 08 2025,10:23:03 AM
WMU31 N1281,9/10/2024 12:41,9/12/2024 7:49,43.1,,50 Hr Inspect,May 08 2025,10:23:03 AM
WMU31 N1281,9/17/2024 17:32,9/18/2024 11:22,17.8,,Engine,May 08 2025,10:23:03 AM
WMU31 N1281,9/18/2024 22:14,9/19/2024 18:46,20.5,,Avionics,May 08 2025,10:23:03 AM
WMU31 N1281,9/25/2024 21:34,9/26/2024 8:39,11.1,,Airframe,May 08 2025,10:23:03 AM
WMU31 N1281,9/27/2024 17:27,10/1/2024 13:20,91.9,,50 Hr Inspect,May 08 2025,10:23:03 AM
WMU31 N1281,10/14/2024 17:19,10/16/2024 16:59,47.7,,50 Hr Inspect,May 08 2025,10:23:03 AM
WMU31 N1281,10/21/2024 11:18,10/21/2024 12:30,1.2,Squawk,Engine,May 08 2025,10:23:03 AM
WMU31 N1281,10/23/2024 21:37,10/24/2024 11:43,14.1,,Other,May 08 2025,10:23:03 AM
WMU31 N1281,11/9/2024 16:52,11/14/2024 13:24,116.5,,50 Hr Inspect,May 08 2025,10:23:03 AM
WMU31 N1281,11/14/2024 13:24,11/27/2024 11:11,309.8,Squawk,,May 08 2025,10:23:03 AM
WMU31 N1281,12/10/2024 17:35,1/9/2025 15:20,717.8,Inspection,,May 08 2025,10:23:03 AM
WMU32 N48TG,2/9/2024 19:46,2/12/2024 8:48,61,,Annual Inspect,May 08 2025,10:23:03 AM
WMU32 N48TG,2/12/2024 16:29,2/13/2024 14:12,21.7,,Other,May 08 2025,10:23:03 AM
WMU32 N48TG,2/13/2024 15:16,2/14/2024 7:43,16.5,Squawk,,May 08 2025,10:23:03 AM
WMU32 N48TG,2/14/2024 10:10,2/19/2024 7:39,117.5,Squawk,,May 08 2025,10:23:03 AM
WMU32 N48TG,2/19/2024 10:08,2/20/2024 13:54,27.8,,Other,May 08 2025,10:23:03 AM
WMU32 N48TG,2/20/2024 15:10,3/1/2024 7:48,232.6,,Other,May 08 2025,10:23:03 AM
WMU32 N48TG,3/1/2024 11:38,3/13/2024 9:33,285.9,,Aircraft Malfunc,May 08 2025,10:23:03 AM
WMU32 N48TG,3/13/2024 12:25,3/19/2024 7:47,139.4,,Avionics,May 08 2025,10:23:03 AM
WMU32 N48TG,3/21/2024 13:48,3/25/2024 16:55,99.1,,50 Hr Inspect,May 08 2025,10:23:03 AM
WMU32 N48TG,4/18/2024 13:28,4/18/2024 17:43,4.3,Inspection,,May 08 2025,10:23:03 AM
WMU32 N48TG,5/10/2024 8:57,5/10/2024 11:40,2.7,Squawk,Other,May 08 2025,10:23:03 AM
WMU32 N48TG,5/11/2024 15:54,5/15/2024 15:48,95.9,,50 Hr Inspect,May 08 2025,10:23:03 AM
WMU32 N48TG,5/22/2024 13:18,5/22/2024 15:18,2,,Engine,May 08 2025,10:23:03 AM
WMU32 N48TG,5/31/2024 10:57,6/6/2024 10:15,143.3,,50 Hr Inspect,May 08 2025,10:23:03 AM
WMU32 N48TG,6/8/2024 12:16,6/10/2024 14:10,49.9,,Other,May 08 2025,10:23:03 AM
WMU32 N48TG,6/12/2024 14:03,6/12/2024 14:35,0.5,,Airframe,May 08 2025,10:23:03 AM
WMU32 N48TG,6/14/2024 14:26,10/24/2024 9:50,"3,163.40",,Propeller,May 08 2025,10:23:03 AM
WMU32 N48TG,10/24/2024 14:01,10/25/2024 10:55,20.9,,Scheduled Mx,May 08 2025,10:23:03 AM
WMU32 N48TG,10/28/2024 12:37,10/28/2024 14:32,1.9,,Avionics,May 08 2025,10:23:03 AM
WMU33 N154WF,1/11/2024 12:16,4/18/2024 11:46,"2,351.50",Squawk,,May 08 2025,10:23:03 AM
WMU33 N154WF,4/26/2024 6:59,4/26/2024 7:42,0.7,Squawk,,May 08 2025,10:23:03 AM
WMU33 N154WF,5/21/2024 7:37,5/22/2024 17:09,33.5,Inspection,,May 08 2025,10:23:03 AM
WMU33 N154WF,5/31/2024 18:42,6/3/2024 10:02,63.3,,Engine,May 08 2025,10:23:03 AM
WMU33 N154WF,6/4/2024 16:33,6/6/2024 10:12,41.7,,Engine,May 08 2025,10:23:03 AM
WMU33 N154WF,6/13/2024 8:20,6/13/2024 13:45,5.4,Inspection,,May 08 2025,10:23:03 AM
WMU33 N154WF,6/14/2024 18:45,6/15/2024 8:34,13.8,,Other,May 08 2025,10:23:03 AM
WMU33 N154WF,6/18/2024 14:53,6/19/2024 6:55,16,,Engine,May 08 2025,10:23:03 AM
WMU33 N154WF,6/19/2024 16:50,,"7,745.60",Squawk,Airframe Damage,May 08 2025,10:23:03 AM
WMU34 N57JW,1/4/2024 11:40,1/4/2024 15:20,3.7,,Avionics,May 08 2025,10:23:03 AM
WMU34 N57JW,2/5/2024 15:40,2/6/2024 15:31,23.9,,50 Hr Inspect,May 08 2025,10:23:03 AM
WMU34 N57JW,2/6/2024 15:40,2/7/2024 10:55,19.3,Inspection,,May 08 2025,10:23:03 AM
WMU34 N57JW,2/20/2024 7:17,2/20/2024 10:23,3.1,Squawk,,May 08 2025,10:23:03 AM
WMU34 N57JW,2/21/2024 7:25,2/21/2024 8:42,1.3,Squawk,,May 08 2025,10:23:03 AM
WMU34 N57JW,2/23/2024 7:20,2/27/2024 10:36,99.3,Inspection,,May 08 2025,10:23:03 AM
WMU34 N57JW,3/12/2024 22:31,3/13/2024 11:39,13.1,Squawk,Engine,May 08 2025,10:23:03 AM
WMU34 N57JW,3/13/2024 17:51,3/15/2024 11:38,41.8,,Avionics,May 08 2025,10:23:03 AM
WMU34 N57JW,3/28/2024 10:56,4/1/2024 13:56,99,,50 Hr Inspect,May 08 2025,10:23:03 AM
WMU34 N57JW,4/1/2024 15:08,4/2/2024 8:23,17.3,Inspection,,May 08 2025,10:23:03 AM
WMU34 N57JW,4/8/2024 12:22,4/9/2024 12:04,23.7,,Engine,May 08 2025,10:23:03 AM
WMU34 N57JW,4/18/2024 17:03,4/19/2024 9:34,16.5,,Other,May 08 2025,10:23:03 AM
WMU34 N57JW,4/22/2024 8:28,4/22/2024 11:45,3.3,,Engine,May 08 2025,10:23:03 AM
WMU34 N57JW,4/24/2024 6:47,4/25/2024 8:31,25.7,Inspection,,May 08 2025,10:23:03 AM
WMU34 N57JW,5/2/2024 10:47,5/6/2024 6:58,92.2,,Engine,May 08 2025,10:23:03 AM
WMU34 N57JW,5/6/2024 10:58,5/6/2024 14:17,3.3,,Other,May 08 2025,10:23:03 AM
WMU34 N57JW,5/14/2024 21:38,5/15/2024 8:13,10.6,,Airframe,May 08 2025,10:23:03 AM
WMU34 N57JW,5/17/2024 14:04,5/20/2024 10:55,68.9,Inspection,,May 08 2025,10:23:03 AM
WMU34 N57JW,6/4/2024 15:00,6/10/2024 10:42,139.7,,50 Hr Inspect,May 08 2025,10:23:03 AM
WMU34 N57JW,6/10/2024 11:08,6/12/2024 9:03,45.9,Inspection,,May 08 2025,10:23:03 AM
WMU34 N57JW,6/26/2024 11:28,6/28/2024 11:32,48.1,,50 Hr Inspect,May 08 2025,10:23:03 AM
WMU34 N57JW,7/19/2024 9:10,7/19/2024 11:23,2.2,,Engine,May 08 2025,10:23:03 AM
WMU34 N57JW,7/22/2024 22:55,7/24/2024 17:29,42.6,,50 Hr Inspect,May 08 2025,10:23:03 AM
WMU34 N57JW,8/8/2024 11:17,8/9/2024 10:40,23.4,,Engine,May 08 2025,10:23:03 AM
WMU34 N57JW,8/9/2024 14:10,8/12/2024 10:24,68.2,,Engine,May 08 2025,10:23:03 AM
WMU34 N57JW,8/12/2024 20:05,8/13/2024 11:02,15,,Airframe,May 08 2025,10:23:03 AM
WMU34 N57JW,8/14/2024 11:01,8/19/2024 15:39,124.6,,50 Hr Inspect,May 08 2025,10:23:03 AM
WMU34 N57JW,8/22/2024 12:24,8/27/2024 9:19,116.9,,Engine,May 08 2025,10:23:03 AM
WMU34 N57JW,8/27/2024 16:38,8/28/2024 10:15,17.6,,Engine,May 08 2025,10:23:03 AM
WMU34 N57JW,8/28/2024 11:36,8/29/2024 6:30,18.9,,Propeller,May 08 2025,10:23:03 AM
WMU34 N57JW,8/30/2024 8:16,8/30/2024 10:27,2.2,Squawk,,May 08 2025,10:23:03 AM
WMU34 N57JW,9/3/2024 19:48,9/4/2024 8:24,12.6,,Engine,May 08 2025,10:23:03 AM
WMU34 N57JW,9/4/2024 19:32,9/9/2024 10:26,110.9,,Engine,May 08 2025,10:23:03 AM
WMU34 N57JW,9/16/2024 18:16,9/23/2024 6:57,156.7,,50 Hr Inspect,May 08 2025,10:23:03 AM
WMU34 N57JW,9/23/2024 6:57,9/27/2024 15:44,104.8,Inspection,,May 08 2025,10:23:03 AM
WMU34 N57JW,10/8/2024 21:24,10/9/2024 14:53,17.5,,Other,May 08 2025,10:23:03 AM
WMU34 N57JW,10/21/2024 13:42,10/23/2024 13:15,47.6,,50 Hr Inspect,May 08 2025,10:23:03 AM
WMU34 N57JW,10/25/2024 6:40,10/25/2024 10:39,4,Squawk,,May 08 2025,10:23:03 AM
WMU34 N57JW,11/2/2024 17:37,11/5/2024 17:19,71.7,,Other,May 08 2025,10:23:03 AM
WMU34 N57JW,11/21/2024 11:03,11/21/2024 17:50,6.8,Squawk,,May 08 2025,10:23:03 AM
WMU34 N57JW,12/2/2024 16:09,12/3/2024 15:41,23.5,,50 Hr Inspect,May 08 2025,10:23:03 AM
WMU35 N481RA,12/21/2023 11:18,1/4/2024 15:09,339.9,,50 Hr Inspect,May 08 2025,10:23:03 AM
WMU35 N481RA,1/12/2024 11:09,1/12/2024 11:19,0.2,Squawk,,May 08 2025,10:23:03 AM
WMU35 N481RA,2/14/2024 15:32,2/19/2024 12:54,117.4,,50 Hr Inspect,May 08 2025,10:23:03 AM
WMU35 N481RA,2/29/2024 9:20,2/29/2024 13:32,4.2,,50 Hr Inspect,May 08 2025,10:23:03 AM
WMU35 N481RA,3/1/2024 15:03,3/4/2024 12:10,69.1,,Airframe,May 08 2025,10:23:03 AM
WMU35 N481RA,3/16/2024 11:06,3/16/2024 11:52,0.8,,Engine,May 08 2025,10:23:03 AM
WMU35 N481RA,3/28/2024 11:29,3/29/2024 13:29,26,,50 Hr Inspect,May 08 2025,10:23:03 AM
WMU35 N481RA,3/30/2024 8:47,3/30/2024 13:58,5.2,Squawk,,May 08 2025,10:23:03 AM
WMU35 N481RA,4/16/2024 12:04,4/16/2024 15:12,3.1,,Avionics,May 08 2025,10:23:03 AM
WMU35 N481RA,4/19/2024 14:34,4/23/2024 9:43,91.2,Inspection,,May 08 2025,10:23:03 AM
WMU35 N481RA,5/7/2024 10:18,5/7/2024 14:05,3.8,,Avionics,May 08 2025,10:23:03 AM
WMU35 N481RA,5/10/2024 17:40,5/13/2024 16:45,71.1,,50 Hr Inspect,May 08 2025,10:23:03 AM
WMU35 N481RA,5/13/2024 16:53,5/15/2024 14:45,45.9,Inspection,,May 08 2025,10:23:03 AM
WMU35 N481RA,5/25/2024 11:49,5/30/2024 14:30,122.7,,50 Hr Inspect,May 08 2025,10:23:03 AM
WMU35 N481RA,6/11/2024 16:25,6/12/2024 9:02,16.6,,Engine,May 08 2025,10:23:03 AM
WMU35 N481RA,6/13/2024 9:26,6/13/2024 9:31,0.1,Squawk,,May 08 2025,10:23:03 AM
WMU35 N481RA,6/14/2024 9:27,6/17/2024 11:52,74.4,,Engine,May 08 2025,10:23:03 AM
WMU35 N481RA,6/18/2024 9:51,6/19/2024 15:19,29.5,,50 Hr Inspect,May 08 2025,10:23:03 AM
WMU35 N481RA,6/27/2024 16:17,6/28/2024 12:57,20.7,,Engine,May 08 2025,10:23:03 AM
WMU35 N481RA,7/1/2024 8:02,7/1/2024 9:01,1,Squawk,,May 08 2025,10:23:03 AM
WMU35 N481RA,7/2/2024 14:24,7/8/2024 18:29,148.1,,50 Hr Inspect,May 08 2025,10:23:03 AM
WMU35 N481RA,7/12/2024 20:09,7/13/2024 7:08,11,Squawk,Engine,May 08 2025,10:23:03 AM
WMU35 N481RA,7/25/2024 16:53,7/31/2024 14:55,142,,Engine,May 08 2025,10:23:03 AM
WMU35 N481RA,7/31/2024 23:44,8/1/2024 8:44,9,Squawk,Other,May 08 2025,10:23:03 AM
WMU35 N481RA,8/8/2024 20:17,8/9/2024 8:25,12.1,,Avionics,May 08 2025,10:23:03 AM
WMU35 N481RA,8/13/2024 18:16,8/14/2024 9:01,14.8,,Avionics,May 08 2025,10:23:03 AM
WMU35 N481RA,8/19/2024 13:13,8/20/2024 16:33,27.3,Squawk,Engine,May 08 2025,10:23:03 AM
WMU35 N481RA,8/20/2024 19:58,8/22/2024 11:57,40,,50 Hr Inspect,May 08 2025,10:23:03 AM
WMU35 N481RA,8/24/2024 15:02,8/26/2024 9:39,42.6,,Avionics,May 08 2025,10:23:03 AM
WMU35 N481RA,8/30/2024 16:08,9/4/2024 7:59,111.9,,Engine,May 08 2025,10:23:03 AM
WMU35 N481RA,9/9/2024 11:52,10/2/2024 7:03,547.2,,50 Hr Inspect,May 08 2025,10:23:03 AM
WMU35 N481RA,10/2/2024 9:05,,"5,233.30",Inspection,,May 08 2025,10:23:03 AM
WMU36 N22WU,10/26/2023 9:09,2/1/2024 17:19,"2,360.20",Inspection,,May 08 2025,10:23:03 AM
WMU36 N22WU,2/1/2024 17:19,2/5/2024 13:22,92.1,Squawk,,May 08 2025,10:23:03 AM
WMU36 N22WU,2/5/2024 17:00,2/6/2024 10:39,17.7,Squawk,,May 08 2025,10:23:03 AM
WMU36 N22WU,2/19/2024 16:28,2/19/2024 17:05,0.6,,Avionics,May 08 2025,10:23:03 AM
WMU36 N22WU,2/21/2024 19:37,2/23/2024 9:39,38,,50 Hr Inspect,May 08 2025,10:23:03 AM
WMU36 N22WU,3/4/2024 9:28,3/4/2024 10:24,0.9,,Other,May 08 2025,10:23:03 AM
WMU36 N22WU,3/7/2024 13:28,3/11/2024 9:11,91.7,,Engine,May 08 2025,10:23:03 AM
WMU36 N22WU,3/12/2024 18:00,3/13/2024 6:51,12.9,,Other,May 08 2025,10:23:03 AM
WMU36 N22WU,3/18/2024 9:06,3/20/2024 15:05,54,,50 Hr Inspect,May 08 2025,10:23:03 AM
WMU36 N22WU,3/27/2024 22:30,3/28/2024 9:14,10.7,Squawk,Avionics,May 08 2025,10:23:03 AM
WMU36 N22WU,4/8/2024 12:48,4/8/2024 15:30,2.7,,Other,May 08 2025,10:23:03 AM
WMU36 N22WU,4/10/2024 8:20,4/13/2024 14:23,78.1,,50 Hr Inspect,May 08 2025,10:23:03 AM
WMU36 N22WU,4/25/2024 7:07,4/25/2024 8:31,1.4,Squawk,,May 08 2025,10:23:03 AM
WMU36 N22WU,4/29/2024 20:37,5/2/2024 8:15,59.6,,50 Hr Inspect,May 08 2025,10:23:03 AM
WMU36 N22WU,5/2/2024 13:04,5/2/2024 16:05,3,,Other,May 08 2025,10:23:03 AM
WMU36 N22WU,5/17/2024 17:40,5/21/2024 11:54,90.2,,50 Hr Inspect,May 08 2025,10:23:03 AM
WMU36 N22WU,5/29/2024 15:41,5/30/2024 8:43,17,,Avionics,May 08 2025,10:23:03 AM
WMU36 N22WU,6/6/2024 10:05,6/10/2024 13:17,99.2,Inspection,,May 08 2025,10:23:03 AM
WMU36 N22WU,6/26/2024 6:34,6/26/2024 15:41,9.1,Inspection,,May 08 2025,10:23:03 AM
WMU36 N22WU,7/16/2024 19:06,7/18/2024 11:43,40.6,Inspection,50 Hr Inspect,May 08 2025,10:23:03 AM
WMU36 N22WU,8/2/2024 14:56,8/5/2024 12:48,69.9,,50 Hr Inspect,May 08 2025,10:23:03 AM
WMU36 N22WU,8/8/2024 15:54,8/9/2024 14:03,22.2,,Engine,May 08 2025,10:23:03 AM
WMU36 N22WU,8/12/2024 9:42,8/12/2024 13:15,3.6,Squawk,,May 08 2025,10:23:03 AM
WMU36 N22WU,8/14/2024 16:33,8/15/2024 8:52,16.3,,Engine,May 08 2025,10:23:03 AM
WMU36 N22WU,8/19/2024 19:02,8/22/2024 14:19,67.3,,Avionics,May 08 2025,10:23:03 AM
WMU36 N22WU,8/26/2024 19:13,8/30/2024 13:13,90,,Engine,May 08 2025,10:23:03 AM
WMU36 N22WU,9/3/2024 11:05,9/3/2024 21:09,10.1,,Engine,May 08 2025,10:23:03 AM
WMU36 N22WU,9/7/2024 10:57,9/9/2024 8:32,45.6,,Airframe Damage,May 08 2025,10:23:03 AM
WMU36 N22WU,9/9/2024 23:08,9/10/2024 8:24,9.3,,Other,May 08 2025,10:23:03 AM
WMU36 N22WU,9/16/2024 15:59,9/18/2024 10:55,42.9,Inspection,,May 08 2025,10:23:03 AM
WMU36 N22WU,9/25/2024 22:29,9/26/2024 8:50,10.4,,Airframe,May 08 2025,10:23:03 AM
WMU36 N22WU,10/4/2024 15:39,10/10/2024 13:46,142.1,Inspection,,May 08 2025,10:23:03 AM
WMU36 N22WU,10/10/2024 14:03,10/10/2024 16:16,2.2,Squawk,,May 08 2025,10:23:03 AM
WMU36 N22WU,11/6/2024 8:47,11/8/2024 12:25,51.6,Inspection,,May 08 2025,10:23:03 AM
WMU36 N22WU,11/26/2024 10:27,11/26/2024 11:28,1,Squawk,,May 08 2025,10:23:03 AM
WMU36 N22WU,11/26/2024 13:09,11/27/2024 8:04,18.9,Squawk,,May 08 2025,10:23:03 AM
WMU36 N22WU,12/9/2024 15:27,12/11/2024 7:04,39.6,,Avionics,May 08 2025,10:23:03 AM
WMU37 N70RB,2/1/2024 12:48,2/2/2024 15:12,26.4,,50 Hr Inspect,May 08 2025,10:23:03 AM
WMU37 N70RB,2/12/2024 15:41,2/13/2024 14:11,22.5,,Avionics,May 08 2025,10:23:03 AM
WMU37 N70RB,2/20/2024 10:46,2/21/2024 10:15,23.5,,50 Hr Inspect,May 08 2025,10:23:03 AM
WMU37 N70RB,2/22/2024 17:20,2/23/2024 10:19,17,,Engine,May 08 2025,10:23:03 AM
WMU37 N70RB,2/23/2024 11:12,2/23/2024 14:49,3.6,Squawk,Other,May 08 2025,10:23:03 AM
WMU37 N70RB,2/29/2024 13:51,2/29/2024 15:26,1.6,,Aircraft Malfunc,May 08 2025,10:23:03 AM
WMU37 N70RB,3/12/2024 14:06,3/14/2024 11:59,45.9,,Engine,May 08 2025,10:23:03 AM
WMU37 N70RB,3/15/2024 16:04,3/20/2024 17:39,121.6,,50 Hr Inspect,May 08 2025,10:23:03 AM
WMU37 N70RB,3/22/2024 11:04,3/22/2024 15:28,4.4,Squawk,,May 08 2025,10:23:03 AM
WMU37 N70RB,3/29/2024 11:08,3/29/2024 11:20,0.2,,Other,May 08 2025,10:23:03 AM
WMU37 N70RB,3/29/2024 12:32,3/29/2024 13:51,1.3,Squawk,Other,May 08 2025,10:23:03 AM
WMU37 N70RB,4/5/2024 16:40,4/8/2024 8:22,63.7,Squawk,,May 08 2025,10:23:03 AM
WMU37 N70RB,4/8/2024 10:50,4/8/2024 18:32,7.7,,Engine,May 08 2025,10:23:03 AM
WMU37 N70RB,4/15/2024 20:00,4/19/2024 15:18,91.3,,50 Hr Inspect,May 08 2025,10:23:03 AM
WMU37 N70RB,5/2/2024 6:36,5/2/2024 9:07,2.5,,Engine,May 08 2025,10:23:03 AM
WMU37 N70RB,5/2/2024 13:56,5/7/2024 14:06,120.2,,Engine,May 08 2025,10:23:03 AM
WMU37 N70RB,5/15/2024 15:49,5/17/2024 15:24,47.6,,50 Hr Inspect,May 08 2025,10:23:03 AM
WMU37 N70RB,5/30/2024 13:54,5/31/2024 16:45,26.9,,50 Hr Inspect,May 08 2025,10:23:03 AM
WMU37 N70RB,6/8/2024 10:34,6/8/2024 12:27,1.9,,Engine,May 08 2025,10:23:03 AM
WMU37 N70RB,6/14/2024 17:21,6/18/2024 13:42,92.4,,50 Hr Inspect,May 08 2025,10:23:03 AM
WMU37 N70RB,6/20/2024 16:39,6/21/2024 11:30,18.9,Squawk,,May 08 2025,10:23:03 AM
WMU37 N70RB,6/24/2024 18:19,6/25/2024 15:28,21.2,,Other,May 08 2025,10:23:03 AM
WMU37 N70RB,7/9/2024 10:44,7/10/2024 14:54,28.2,,50 Hr Inspect,May 08 2025,10:23:03 AM
WMU37 N70RB,7/13/2024 19:03,7/16/2024 9:58,62.9,,Other,May 08 2025,10:23:03 AM
WMU37 N70RB,7/22/2024 8:38,7/24/2024 15:21,54.7,Squawk,,May 08 2025,10:23:03 AM
WMU37 N70RB,7/24/2024 16:05,7/25/2024 14:24,22.3,,Engine,May 08 2025,10:23:03 AM
WMU37 N70RB,7/30/2024 12:57,7/31/2024 18:38,29.7,,50 Hr Inspect,May 08 2025,10:23:03 AM
WMU37 N70RB,8/19/2024 6:54,8/20/2024 15:45,32.9,Inspection,,May 08 2025,10:23:03 AM
WMU37 N70RB,8/22/2024 14:56,8/22/2024 15:59,1.1,,Other,May 08 2025,10:23:03 AM
WMU37 N70RB,8/29/2024 13:21,8/29/2024 14:05,0.7,,Other,May 08 2025,10:23:03 AM
WMU37 N70RB,9/4/2024 8:14,9/5/2024 15:58,31.7,Inspection,,May 08 2025,10:23:03 AM
WMU37 N70RB,9/7/2024 21:21,9/9/2024 17:11,43.8,Squawk,,May 08 2025,10:23:03 AM
WMU37 N70RB,9/20/2024 13:23,9/26/2024 13:31,144.1,,50 Hr Inspect,May 08 2025,10:23:03 AM
WMU37 N70RB,9/26/2024 18:42,9/27/2024 8:15,13.6,,Aircraft Malfunc,May 08 2025,10:23:03 AM
WMU37 N70RB,9/27/2024 12:07,9/28/2024 9:50,21.7,,Avionics,May 08 2025,10:23:03 AM
WMU37 N70RB,10/1/2024 20:16,10/2/2024 11:26,15.2,,Engine,May 08 2025,10:23:03 AM
WMU37 N70RB,10/2/2024 18:35,10/4/2024 7:52,37.3,,Aircraft Malfunc,May 08 2025,10:23:03 AM
WMU37 N70RB,10/4/2024 16:20,10/7/2024 15:44,71.4,,Engine,May 08 2025,10:23:03 AM
WMU37 N70RB,10/10/2024 10:45,10/11/2024 14:13,27.5,,Engine,May 08 2025,10:23:03 AM
WMU37 N70RB,10/24/2024 14:01,10/28/2024 10:01,92,,50 Hr Inspect,May 08 2025,10:23:03 AM
WMU37 N70RB,11/13/2024 10:55,11/18/2024 15:07,124.2,,Other,May 08 2025,10:23:03 AM
WMU37 N70RB,11/18/2024 15:08,11/19/2024 11:55,20.8,,Other,May 08 2025,10:23:03 AM
WMU37 N70RB,11/26/2024 14:41,2/18/2025 14:40,"2,016.00",,Engine,May 08 2025,10:23:03 AM
WMU38 N746TM,2/12/2024 14:04,2/14/2024 15:32,49.5,,50 Hr Inspect,May 08 2025,10:23:03 AM
WMU38 N746TM,2/20/2024 19:38,2/21/2024 11:35,16,,Propeller,May 08 2025,10:23:03 AM
WMU38 N746TM,2/27/2024 13:21,2/29/2024 10:47,45.4,,50 Hr Inspect,May 08 2025,10:23:03 AM
WMU38 N746TM,3/21/2024 7:02,3/21/2024 9:08,2.1,Squawk,,May 08 2025,10:23:03 AM
WMU38 N746TM,3/21/2024 11:42,3/22/2024 13:38,25.9,,50 Hr Inspect,May 08 2025,10:23:03 AM
WMU38 N746TM,4/16/2024 8:50,4/18/2024 14:01,53.2,,50 Hr Inspect,May 08 2025,10:23:03 AM
WMU38 N746TM,5/6/2024 16:26,5/10/2024 8:18,87.9,Inspection,50 Hr Inspect,May 08 2025,10:23:03 AM
WMU38 N746TM,5/22/2024 13:26,5/23/2024 13:55,24.5,Squawk,Engine,May 08 2025,10:23:03 AM
WMU38 N746TM,5/23/2024 18:24,5/31/2024 11:47,185.4,,50 Hr Inspect,May 08 2025,10:23:03 AM
WMU38 N746TM,6/18/2024 18:21,6/19/2024 9:49,15.5,,Other,May 08 2025,10:23:03 AM
WMU38 N746TM,6/25/2024 6:45,7/2/2024 13:54,175.2,Inspection,,May 08 2025,10:23:03 AM
WMU38 N746TM,7/12/2024 7:05,7/13/2024 12:26,29.4,Squawk,,May 08 2025,10:23:03 AM
WMU38 N746TM,7/17/2024 18:34,7/18/2024 11:12,16.6,,Other,May 08 2025,10:23:03 AM
WMU38 N746TM,7/19/2024 9:08,7/19/2024 11:45,2.6,,Engine,May 08 2025,10:23:03 AM
WMU38 N746TM,7/25/2024 15:33,7/29/2024 13:20,93.8,,50 Hr Inspect,May 08 2025,10:23:03 AM
WMU38 N746TM,7/31/2024 7:28,7/31/2024 8:08,0.7,Squawk,,May 08 2025,10:23:03 AM
WMU38 N746TM,7/31/2024 17:15,8/1/2024 14:15,21,,Engine,May 08 2025,10:23:03 AM
WMU38 N746TM,8/1/2024 15:39,8/2/2024 10:34,18.9,,Other,May 08 2025,10:23:03 AM
WMU38 N746TM,8/14/2024 11:17,8/19/2024 18:33,127.3,,50 Hr Inspect,May 08 2025,10:23:03 AM
WMU38 N746TM,9/4/2024 9:54,9/6/2024 11:53,50,,50 Hr Inspect,May 08 2025,10:23:03 AM
WMU38 N746TM,9/18/2024 17:08,9/19/2024 13:43,20.6,Inspection,,May 08 2025,10:23:03 AM
WMU38 N746TM,9/27/2024 7:21,9/27/2024 9:42,2.4,,Engine,May 08 2025,10:23:03 AM
WMU38 N746TM,10/5/2024 10:25,10/8/2024 14:33,76.1,,50 Hr Inspect,May 08 2025,10:23:03 AM
WMU38 N746TM,10/11/2024 14:18,10/11/2024 14:38,0.3,,Other,May 08 2025,10:23:03 AM
WMU38 N746TM,10/25/2024 6:47,10/29/2024 8:57,98.2,Inspection,,May 08 2025,10:23:03 AM
WMU38 N746TM,11/12/2024 20:06,11/13/2024 10:23,14.3,,Airframe,May 08 2025,10:23:03 AM
WMU38 N746TM,11/22/2024 8:46,11/22/2024 12:06,3.3,Squawk,,May 08 2025,10:23:03 AM
WMU38 N746TM,12/6/2024 17:43,12/9/2024 10:40,65,,50 Hr Inspect,May 08 2025,10:23:03 AM
WMU39 N54SJ,1/21/2024 15:18,3/12/2024 9:03,"1,217.80",,Avionics,May 08 2025,10:23:03 AM
WMU39 N54SJ,3/12/2024 14:53,3/12/2024 14:58,0.1,Squawk,,May 08 2025,10:23:03 AM
WMU39 N54SJ,3/13/2024 22:47,3/15/2024 10:01,35.2,,Airframe,May 08 2025,10:23:03 AM
WMU39 N54SJ,3/16/2024 12:44,3/19/2024 14:27,73.7,,Other,May 08 2025,10:23:03 AM
WMU39 N54SJ,4/4/2024 11:22,4/5/2024 13:19,26,Inspection,,May 08 2025,10:23:03 AM
WMU39 N54SJ,4/8/2024 8:06,4/9/2024 13:29,29.4,Inspection,,May 08 2025,10:23:03 AM
WMU39 N54SJ,4/10/2024 16:34,4/10/2024 18:24,1.8,,Engine,May 08 2025,10:23:03 AM
WMU39 N54SJ,4/15/2024 14:09,4/16/2024 10:14,20.1,,Engine,May 08 2025,10:23:03 AM
WMU39 N54SJ,4/22/2024 10:04,4/22/2024 13:32,3.5,,Propeller,May 08 2025,10:23:03 AM
WMU39 N54SJ,5/4/2024 12:21,5/8/2024 13:45,97.4,,50 Hr Inspect,May 08 2025,10:23:03 AM
WMU39 N54SJ,5/13/2024 13:30,5/13/2024 17:48,4.3,,Engine,May 08 2025,10:23:03 AM
WMU39 N54SJ,5/20/2024 11:23,5/20/2024 13:23,2,,Engine,May 08 2025,10:23:03 AM
WMU39 N54SJ,5/24/2024 17:51,5/29/2024 11:16,113.4,,50 Hr Inspect,May 08 2025,10:23:03 AM
WMU39 N54SJ,6/14/2024 10:20,6/14/2024 12:06,1.8,,Other,May 08 2025,10:23:03 AM
WMU39 N54SJ,6/14/2024 14:02,6/18/2024 10:09,92.1,,50 Hr Inspect,May 08 2025,10:23:03 AM
WMU39 N54SJ,6/24/2024 16:43,6/26/2024 12:13,43.5,,Other,May 08 2025,10:23:03 AM
WMU39 N54SJ,7/13/2024 9:39,7/18/2024 18:13,128.6,,50 Hr Inspect,May 08 2025,10:23:03 AM
WMU39 N54SJ,8/6/2024 10:19,8/7/2024 15:06,28.8,Inspection,,May 08 2025,10:23:03 AM
WMU39 N54SJ,8/16/2024 9:18,8/19/2024 8:15,71,Inspection,,May 08 2025,10:23:03 AM
WMU39 N54SJ,9/3/2024 12:10,9/5/2024 17:32,53.4,,50 Hr Inspect,May 08 2025,10:23:03 AM
WMU39 N54SJ,9/17/2024 8:53,9/17/2024 14:13,5.3,,Other,May 08 2025,10:23:03 AM
WMU39 N54SJ,9/18/2024 15:54,9/19/2024 10:57,19.1,,Engine,May 08 2025,10:23:03 AM
WMU39 N54SJ,10/2/2024 10:42,10/3/2024 10:22,23.7,,50 Hr Inspect,May 08 2025,10:23:03 AM
WMU39 N54SJ,10/9/2024 13:07,10/9/2024 17:06,4,,Airframe,May 08 2025,10:23:03 AM
WMU39 N54SJ,10/24/2024 21:59,10/29/2024 11:31,109.5,,50 Hr Inspect,May 08 2025,10:23:03 AM
WMU39 N54SJ,12/13/2024 15:39,,"3,498.70",Squawk,,May 08 2025,10:23:03 AM
WMU40 N861SH,1/22/2024 6:53,1/22/2024 10:11,3.3,Squawk,,May 08 2025,10:23:03 AM
WMU40 N861SH,2/5/2024 10:49,2/6/2024 10:55,24.1,Squawk,,May 08 2025,10:23:03 AM
WMU40 N861SH,2/7/2024 17:30,2/8/2024 8:18,14.8,,Engine,May 08 2025,10:23:03 AM
WMU40 N861SH,2/12/2024 10:32,2/16/2024 8:44,94.2,,50 Hr Inspect,May 08 2025,10:23:03 AM
WMU40 N861SH,2/16/2024 8:44,3/11/2024 8:21,575.6,Inspection,,May 08 2025,10:23:03 AM
WMU40 N861SH,3/29/2024 14:03,3/30/2024 13:10,23.1,Inspection,,May 08 2025,10:23:03 AM
WMU40 N861SH,4/9/2024 15:34,4/11/2024 11:44,44.2,,50 Hr Inspect,May 08 2025,10:23:03 AM
WMU40 N861SH,5/1/2024 6:57,5/2/2024 16:45,33.8,Inspection,,May 08 2025,10:23:03 AM
WMU40 N861SH,5/28/2024 16:24,5/30/2024 10:52,42.5,,50 Hr Inspect,May 08 2025,10:23:03 AM
WMU40 N861SH,6/22/2024 11:09,6/25/2024 15:07,76,,50 Hr Inspect,May 08 2025,10:23:03 AM
WMU40 N861SH,6/25/2024 17:38,6/26/2024 12:12,18.6,Inspection,,May 08 2025,10:23:03 AM
WMU40 N861SH,6/26/2024 20:43,6/27/2024 8:56,12.2,,Other,May 08 2025,10:23:03 AM
WMU40 N861SH,6/27/2024 15:57,6/28/2024 7:07,15.2,,Engine,May 08 2025,10:23:03 AM
WMU40 N861SH,7/13/2024 10:48,7/13/2024 12:57,2.2,Squawk,Engine,May 08 2025,10:23:03 AM
WMU40 N861SH,7/13/2024 21:33,7/15/2024 11:01,37.5,Squawk,,May 08 2025,10:23:03 AM
WMU40 N861SH,7/17/2024 23:25,7/19/2024 11:26,36,,50 Hr Inspect,May 08 2025,10:23:03 AM
WMU40 N861SH,8/5/2024 6:49,8/5/2024 18:31,11.7,Inspection,,May 08 2025,10:23:03 AM
WMU40 N861SH,8/20/2024 13:32,8/22/2024 10:37,45.1,Inspection,,May 08 2025,10:23:03 AM
WMU40 N861SH,8/30/2024 9:02,9/3/2024 13:06,100.1,,Engine,May 08 2025,10:23:03 AM
WMU40 N861SH,9/10/2024 16:22,9/11/2024 6:56,14.6,,50 Hr Inspect,May 08 2025,10:23:03 AM
WMU40 N861SH,9/13/2024 10:38,9/16/2024 12:51,74.2,,50 Hr Inspect,May 08 2025,10:23:03 AM
WMU40 N861SH,9/19/2024 7:07,9/19/2024 7:29,0.4,Squawk,,May 08 2025,10:23:03 AM
WMU40 N861SH,9/27/2024 8:44,9/27/2024 18:06,9.4,,50 Hr Inspect,May 08 2025,10:23:03 AM
WMU40 N861SH,10/2/2024 8:44,10/2/2024 10:25,1.7,,Hangar,May 08 2025,10:23:03 AM
WMU40 N861SH,10/2/2024 15:10,10/3/2024 7:43,16.6,Squawk,,May 08 2025,10:23:03 AM
WMU40 N861SH,10/9/2024 18:27,10/10/2024 14:51,20.4,Squawk,Airframe,May 08 2025,10:23:03 AM
WMU40 N861SH,10/15/2024 11:40,10/17/2024 7:48,44.1,Squawk,Engine,May 08 2025,10:23:03 AM
WMU40 N861SH,10/23/2024 9:42,10/24/2024 10:02,24.3,,50 Hr Inspect,May 08 2025,10:23:03 AM
WMU40 N861SH,11/9/2024 9:31,11/9/2024 10:23,0.9,,Other,May 08 2025,10:23:03 AM
WMU40 N861SH,11/12/2024 14:16,11/13/2024 9:03,18.8,,Other,May 08 2025,10:23:03 AM
WMU40 N861SH,11/25/2024 7:32,11/26/2024 11:57,28.4,Inspection,,May 08 2025,10:23:03 AM
WMU40 N861SH,12/13/2024 11:27,12/16/2024 12:38,73.2,,Other,May 08 2025,10:23:03 AM
WMU41 N267DS,1/8/2024 8:07,1/9/2024 11:37,27.5,Inspection,,May 08 2025,10:23:03 AM
WMU41 N267DS,1/9/2024 11:43,1/9/2024 11:46,0.1,Squawk,,May 08 2025,10:23:03 AM
WMU41 N267DS,1/9/2024 11:46,1/19/2024 9:17,237.5,Inspection,,May 08 2025,10:23:03 AM
WMU41 N267DS,2/2/2024 21:56,2/3/2024 11:27,13.5,Squawk,Avionics,May 08 2025,10:23:03 AM
WMU41 N267DS,2/5/2024 12:20,2/5/2024 15:36,3.3,,Other,May 08 2025,10:23:03 AM
WMU41 N267DS,2/9/2024 15:11,2/10/2024 11:24,20.2,Squawk,Other,May 08 2025,10:23:03 AM
WMU41 N267DS,2/12/2024 8:23,2/12/2024 10:53,2.5,,Engine,May 08 2025,10:23:03 AM
WMU41 N267DS,2/19/2024 7:54,2/19/2024 8:35,0.7,,Airframe,May 08 2025,10:23:03 AM
WMU41 N267DS,2/19/2024 12:44,2/21/2024 16:12,51.5,Inspection,,May 08 2025,10:23:03 AM
WMU41 N267DS,2/27/2024 17:16,2/28/2024 16:12,22.9,Inspection,,May 08 2025,10:23:03 AM
WMU41 N267DS,3/2/2024 14:55,3/4/2024 10:45,43.8,,50 Hr Inspect,May 08 2025,10:23:03 AM
WMU41 N267DS,3/13/2024 12:50,3/14/2024 14:19,25.5,,50 Hr Inspect,May 08 2025,10:23:03 AM
WMU41 N267DS,3/21/2024 11:51,3/25/2024 15:39,99.8,,Aircraft Malfunc,May 08 2025,10:23:03 AM
WMU41 N267DS,3/28/2024 13:22,3/29/2024 10:10,20.8,,Avionics,May 08 2025,10:23:03 AM
WMU41 N267DS,4/1/2024 12:19,4/1/2024 15:14,2.9,,Engine,May 08 2025,10:23:03 AM
WMU41 N267DS,4/6/2024 14:01,5/8/2024 9:23,763.4,,50 Hr Inspect,May 08 2025,10:23:03 AM
WMU41 N267DS,5/15/2024 15:25,5/16/2024 8:32,17.1,Squawk,Engine,May 08 2025,10:23:03 AM
WMU41 N267DS,5/18/2024 17:43,5/24/2024 10:58,137.3,,Engine,May 08 2025,10:23:03 AM
WMU41 N267DS,6/4/2024 20:08,6/5/2024 7:03,10.9,,Other,May 08 2025,10:23:03 AM
WMU41 N267DS,6/7/2024 6:47,6/7/2024 15:05,8.3,Inspection,,May 08 2025,10:23:03 AM
WMU41 N267DS,6/11/2024 14:48,6/12/2024 14:21,23.6,,Annual Inspect,May 08 2025,10:23:03 AM
WMU41 N267DS,6/14/2024 12:05,6/14/2024 16:36,4.5,,Engine,May 08 2025,10:23:03 AM
WMU41 N267DS,6/20/2024 21:09,6/27/2024 12:54,159.8,,Other,May 08 2025,10:23:03 AM
WMU41 N267DS,6/29/2024 17:22,7/1/2024 9:24,40,,Aircraft Malfunc,May 08 2025,10:23:03 AM
WMU41 N267DS,7/8/2024 10:27,7/10/2024 8:05,45.6,,Other,May 08 2025,10:23:03 AM
WMU41 N267DS,7/11/2024 19:21,7/15/2024 18:20,95,,50 Hr Inspect,May 08 2025,10:23:03 AM
WMU41 N267DS,7/31/2024 17:10,8/2/2024 11:58,42.8,,50 Hr Inspect,May 08 2025,10:23:03 AM
WMU41 N267DS,8/21/2024 15:40,8/22/2024 12:36,20.9,Inspection,,May 08 2025,10:23:03 AM
WMU41 N267DS,8/26/2024 8:03,8/26/2024 9:02,1,Squawk,,May 08 2025,10:23:03 AM
WMU41 N267DS,8/26/2024 13:17,8/27/2024 10:08,20.9,Squawk,Engine,May 08 2025,10:23:03 AM
WMU41 N267DS,9/5/2024 18:40,9/9/2024 10:13,87.6,,Engine,May 08 2025,10:23:03 AM
WMU41 N267DS,9/12/2024 6:48,9/12/2024 13:38,6.8,Inspection,,May 08 2025,10:23:03 AM
WMU41 N267DS,9/17/2024 11:53,9/17/2024 12:57,1.1,,Airframe,May 08 2025,10:23:03 AM
WMU41 N267DS,9/23/2024 22:51,9/24/2024 14:31,15.7,,Other,May 08 2025,10:23:03 AM
WMU41 N267DS,9/25/2024 20:56,9/27/2024 14:00,41.1,,50 Hr Inspect,May 08 2025,10:23:03 AM
WMU41 N267DS,10/4/2024 8:53,10/4/2024 12:17,3.4,,Other,May 08 2025,10:23:03 AM
WMU41 N267DS,10/10/2024 18:23,10/14/2024 18:17,95.9,,50 Hr Inspect,May 08 2025,10:23:03 AM
WMU41 N267DS,11/4/2024 9:33,11/4/2024 18:29,8.9,Inspection,,May 08 2025,10:23:03 AM
WMU41 N267DS,11/8/2024 10:00,11/8/2024 16:10,6.2,,Other,May 08 2025,10:23:03 AM
WMU41 N267DS,11/9/2024 10:40,11/12/2024 14:35,75.9,,Other,May 08 2025,10:23:03 AM
WMU41 N267DS,11/26/2024 17:52,11/27/2024 9:36,15.7,,Other,May 08 2025,10:23:03 AM
WMU41 N267DS,11/27/2024 14:25,12/3/2024 9:25,139,,Other,May 08 2025,10:23:03 AM
WMU41 N267DS,12/4/2024 15:02,1/28/2025 8:36,"1,313.60",Squawk,,May 08 2025,10:23:03 AM
WMU42 N94RS,1/4/2024 13:01,1/5/2024 13:54,24.9,,50 Hr Inspect,May 08 2025,10:23:03 AM
WMU42 N94RS,1/16/2024 16:23,1/17/2024 9:58,17.6,Squawk,,May 08 2025,10:23:03 AM
WMU42 N94RS,1/20/2024 15:23,1/21/2024 12:20,21,,Engine,May 08 2025,10:23:03 AM
WMU42 N94RS,2/5/2024 9:41,2/6/2024 16:26,30.8,,Avionics,May 08 2025,10:23:03 AM
WMU42 N94RS,2/7/2024 22:00,2/8/2024 10:03,12.1,Squawk,,May 08 2025,10:23:03 AM
WMU42 N94RS,2/15/2024 13:17,2/16/2024 6:45,17.5,Squawk,,May 08 2025,10:23:03 AM
WMU42 N94RS,2/16/2024 10:46,2/16/2024 12:45,2,Squawk,,May 08 2025,10:23:03 AM
WMU42 N94RS,2/19/2024 9:44,2/19/2024 11:02,1.3,,Avionics,May 08 2025,10:23:03 AM
WMU42 N94RS,2/21/2024 15:58,2/23/2024 8:24,40.4,,50 Hr Inspect,May 08 2025,10:23:03 AM
WMU42 N94RS,3/13/2024 15:17,3/14/2024 9:08,17.9,,Aircraft Malfunc,May 08 2025,10:23:03 AM
WMU42 N94RS,3/21/2024 9:41,3/21/2024 14:05,4.4,Inspection,,May 08 2025,10:23:03 AM
WMU42 N94RS,3/21/2024 19:35,3/25/2024 8:20,84.8,,Other,May 08 2025,10:23:03 AM
WMU42 N94RS,4/1/2024 13:06,4/2/2024 9:07,20,,Engine,May 08 2025,10:23:03 AM
WMU42 N94RS,4/8/2024 6:37,4/11/2024 14:30,79.9,Squawk,,May 08 2025,10:23:03 AM
WMU42 N94RS,4/15/2024 8:17,4/15/2024 9:25,1.1,,Avionics,May 08 2025,10:23:03 AM
WMU42 N94RS,4/15/2024 13:03,4/15/2024 14:46,1.7,,Engine,May 08 2025,10:23:03 AM
WMU42 N94RS,4/25/2024 14:07,4/26/2024 15:23,25.3,Inspection,,May 08 2025,10:23:03 AM
WMU42 N94RS,5/10/2024 13:31,5/10/2024 14:48,1.3,,Engine,May 08 2025,10:23:03 AM
WMU42 N94RS,5/10/2024 18:03,5/13/2024 12:23,66.3,,Engine,May 08 2025,10:23:03 AM
WMU42 N94RS,5/13/2024 16:15,5/14/2024 7:46,15.5,,Other,May 08 2025,10:23:03 AM
WMU42 N94RS,5/14/2024 10:09,5/14/2024 13:34,3.4,,Other,May 08 2025,10:23:03 AM
WMU42 N94RS,5/14/2024 19:45,5/15/2024 10:06,14.4,,Engine,May 08 2025,10:23:03 AM
WMU42 N94RS,5/17/2024 21:12,5/21/2024 12:54,87.7,,50 Hr Inspect,May 08 2025,10:23:03 AM
WMU42 N94RS,5/21/2024 12:54,5/23/2024 16:30,51.6,Inspection,,May 08 2025,10:23:03 AM
WMU42 N94RS,5/21/2024 12:54,12/10/2024 9:02,"4,868.10",Inspection,,May 08 2025,10:23:03 AM
WMU42 N94RS,12/14/2024 10:50,1/9/2025 11:47,625,,Avionics,May 08 2025,10:23:03 AM
WMU43 N54DN,2/20/2024 19:13,2/21/2024 9:54,14.7,Squawk,Engine,May 08 2025,10:23:03 AM
WMU43 N54DN,2/21/2024 13:45,2/22/2024 13:10,23.4,,50 Hr Inspect,May 08 2025,10:23:03 AM
WMU43 N54DN,2/22/2024 17:16,2/27/2024 12:50,115.6,,Other,May 08 2025,10:23:03 AM
WMU43 N54DN,3/12/2024 18:49,3/13/2024 8:06,13.3,,Other,May 08 2025,10:23:03 AM
WMU43 N54DN,3/21/2024 13:28,3/25/2024 10:46,93.3,,50 Hr Inspect,May 08 2025,10:23:03 AM
WMU43 N54DN,4/8/2024 8:15,4/8/2024 13:05,4.8,Squawk,,May 08 2025,10:23:03 AM
WMU43 N54DN,4/16/2024 12:20,4/18/2024 13:28,49.1,,50 Hr Inspect,May 08 2025,10:23:03 AM
WMU43 N54DN,4/24/2024 13:53,4/25/2024 8:04,18.2,,Airframe,May 08 2025,10:23:03 AM
WMU43 N54DN,4/25/2024 10:59,4/25/2024 15:10,4.2,,Engine,May 08 2025,10:23:03 AM
WMU43 N54DN,5/15/2024 12:07,5/16/2024 17:15,29.1,Inspection,,May 08 2025,10:23:03 AM
WMU43 N54DN,5/21/2024 12:45,5/21/2024 13:03,0.3,,Avionics,May 08 2025,10:23:03 AM
WMU43 N54DN,6/5/2024 10:13,6/6/2024 12:40,26.5,Squawk,,May 08 2025,10:23:03 AM
WMU43 N54DN,6/10/2024 15:49,6/10/2024 17:36,1.8,Squawk,,May 08 2025,10:23:03 AM
WMU43 N54DN,6/11/2024 18:39,6/12/2024 15:34,20.9,,50 Hr Inspect,May 08 2025,10:23:03 AM
WMU43 N54DN,6/18/2024 23:54,6/19/2024 10:26,10.5,,Other,May 08 2025,10:23:03 AM
WMU43 N54DN,6/24/2024 10:07,6/24/2024 11:22,1.3,,Avionics,May 08 2025,10:23:03 AM
WMU43 N54DN,6/25/2024 6:47,7/8/2024 14:29,319.7,Squawk,,May 08 2025,10:23:03 AM
WMU43 N54DN,7/16/2024 7:47,7/17/2024 11:19,27.5,Inspection,,May 08 2025,10:23:03 AM
WMU43 N54DN,7/31/2024 11:36,8/2/2024 9:44,46.1,,50 Hr Inspect,May 08 2025,10:23:03 AM
WMU43 N54DN,8/3/2024 16:36,8/5/2024 9:39,41.1,,Airframe,May 08 2025,10:23:03 AM
WMU43 N54DN,8/21/2024 12:36,8/24/2024 11:59,71.4,,50 Hr Inspect,May 08 2025,10:23:03 AM
WMU43 N54DN,9/3/2024 11:48,9/3/2024 15:58,4.2,,Engine,May 08 2025,10:23:03 AM
WMU43 N54DN,9/10/2024 15:12,9/11/2024 11:29,20.3,,50 Hr Inspect,May 08 2025,10:23:03 AM
WMU43 N54DN,9/18/2024 20:34,9/19/2024 13:13,16.7,Squawk,Avionics,May 08 2025,10:23:03 AM
WMU43 N54DN,9/25/2024 18:17,9/26/2024 13:21,19.1,Squawk,Avionics,May 08 2025,10:23:03 AM
WMU43 N54DN,10/2/2024 10:31,10/4/2024 7:51,45.3,,50 Hr Inspect,May 08 2025,10:23:03 AM
WMU43 N54DN,10/16/2024 17:30,10/17/2024 9:28,16,Squawk,,May 08 2025,10:23:03 AM
WMU43 N54DN,10/23/2024 8:51,10/25/2024 15:07,54.3,,50 Hr Inspect,May 08 2025,10:23:03 AM
WMU43 N54DN,11/2/2024 14:51,11/5/2024 11:24,68.6,,Airframe,May 08 2025,10:23:03 AM
WMU43 N54DN,11/7/2024 20:10,11/8/2024 13:23,17.2,,Engine,May 08 2025,10:23:03 AM
WMU43 N54DN,11/9/2024 10:00,11/11/2024 11:13,49.2,,Engine,May 08 2025,10:23:03 AM
WMU43 N54DN,11/22/2024 8:46,11/22/2024 12:06,3.3,Squawk,,May 08 2025,10:23:03 AM
WMU43 N54DN,11/26/2024 20:37,12/3/2024 11:04,158.5,,50 Hr Inspect,May 08 2025,10:23:03 AM
WMU44 N80GD,1/17/2024 16:22,1/18/2024 8:56,16.6,,Airframe,May 08 2025,10:23:03 AM
WMU44 N80GD,2/1/2024 12:37,2/5/2024 7:44,91.1,,Engine,May 08 2025,10:23:03 AM
WMU44 N80GD,2/7/2024 19:48,2/8/2024 10:51,15.1,Squawk,Aircraft Malfunc,May 08 2025,10:23:03 AM
WMU44 N80GD,2/14/2024 17:58,2/20/2024 9:49,135.9,,50 Hr Inspect,May 08 2025,10:23:03 AM
WMU44 N80GD,2/21/2024 18:40,2/22/2024 9:09,14.5,Squawk,,May 08 2025,10:23:03 AM
WMU44 N80GD,3/2/2024 12:05,3/5/2024 10:05,70,,Other,May 08 2025,10:23:03 AM
WMU44 N80GD,3/5/2024 10:09,3/5/2024 11:51,1.7,Inspection,,May 08 2025,10:23:03 AM
WMU44 N80GD,3/23/2024 21:03,3/25/2024 9:18,36.3,,Other,May 08 2025,10:23:03 AM
WMU44 N80GD,3/29/2024 21:28,4/3/2024 13:36,112.1,,50 Hr Inspect,May 08 2025,10:23:03 AM
WMU44 N80GD,4/6/2024 13:13,4/8/2024 8:39,43.4,Squawk,Engine,May 08 2025,10:23:03 AM
WMU44 N80GD,4/15/2024 15:39,4/16/2024 12:15,20.6,,Other,May 08 2025,10:23:03 AM
WMU44 N80GD,4/18/2024 12:17,4/19/2024 13:13,24.9,,Avionics,May 08 2025,10:23:03 AM
WMU44 N80GD,4/22/2024 8:27,4/22/2024 12:53,4.4,,Engine,May 08 2025,10:23:03 AM
WMU44 N80GD,4/24/2024 12:59,4/24/2024 14:07,1.1,,Engine,May 08 2025,10:23:03 AM
WMU44 N80GD,4/26/2024 6:49,4/30/2024 8:55,98.1,Inspection,,May 08 2025,10:23:03 AM
WMU44 N80GD,5/15/2024 20:33,5/21/2024 12:19,135.8,,50 Hr Inspect,May 08 2025,10:23:03 AM
WMU44 N80GD,5/28/2024 19:36,5/30/2024 12:19,40.7,,Engine,May 08 2025,10:23:03 AM
WMU44 N80GD,5/31/2024 9:40,5/31/2024 10:08,0.5,Squawk,Engine,May 08 2025,10:23:03 AM
WMU44 N80GD,6/3/2024 16:00,6/4/2024 9:31,17.5,,Other,May 08 2025,10:23:03 AM
WMU44 N80GD,6/5/2024 9:13,6/5/2024 10:10,1,Squawk,,May 08 2025,10:23:03 AM
WMU44 N80GD,6/10/2024 20:07,6/12/2024 12:39,40.5,,50 Hr Inspect,May 08 2025,10:23:03 AM
WMU44 N80GD,6/20/2024 9:23,6/20/2024 13:46,4.4,,Engine,May 08 2025,10:23:03 AM
WMU44 N80GD,6/25/2024 23:51,6/27/2024 11:35,35.7,Inspection,50 Hr Inspect,May 08 2025,10:23:03 AM
WMU44 N80GD,7/9/2024 10:34,7/9/2024 15:01,4.5,,Engine,May 08 2025,10:23:03 AM
WMU44 N80GD,7/11/2024 17:41,7/12/2024 9:20,15.7,,Engine,May 08 2025,10:23:03 AM
WMU44 N80GD,7/12/2024 14:53,7/13/2024 11:48,20.9,Squawk,Engine,May 08 2025,10:23:03 AM
WMU44 N80GD,7/19/2024 6:45,7/22/2024 9:00,74.3,Inspection,,May 08 2025,10:23:03 AM
WMU44 N80GD,7/31/2024 12:01,7/31/2024 13:52,1.9,,Engine,May 08 2025,10:23:03 AM
WMU44 N80GD,8/9/2024 12:05,8/12/2024 10:32,70.5,,50 Hr Inspect,May 08 2025,10:23:03 AM
WMU44 N80GD,8/14/2024 23:18,8/15/2024 10:21,11.1,,Engine,May 08 2025,10:23:03 AM
WMU44 N80GD,8/26/2024 8:04,8/26/2024 9:03,1,Squawk,,May 08 2025,10:23:03 AM
WMU44 N80GD,8/26/2024 16:11,8/28/2024 13:18,45.1,,50 Hr Inspect,May 08 2025,10:23:03 AM
WMU44 N80GD,9/3/2024 9:52,9/3/2024 13:12,3.3,Squawk,Engine,May 08 2025,10:23:03 AM
WMU44 N80GD,9/13/2024 17:34,9/16/2024 8:26,62.9,,50 Hr Inspect,May 08 2025,10:23:03 AM
WMU44 N80GD,9/19/2024 10:21,9/20/2024 10:18,24,,Engine,May 08 2025,10:23:03 AM
WMU44 N80GD,10/7/2024 16:23,10/9/2024 11:02,42.7,,50 Hr Inspect,May 08 2025,10:23:03 AM
WMU44 N80GD,10/14/2024 14:45,10/14/2024 15:40,0.9,,Other,May 08 2025,10:23:03 AM
WMU44 N80GD,10/28/2024 17:04,11/7/2024 6:50,229.8,,50 Hr Inspect,May 08 2025,10:23:03 AM
WMU44 N80GD,11/7/2024 6:50,11/7/2024 13:34,6.7,Squawk,,May 08 2025,10:23:03 AM
WMU44 N80GD,11/9/2024 11:40,11/9/2024 14:05,2.4,,Engine,May 08 2025,10:23:03 AM
WMU45 N42VR,3/28/2022 10:38,,"27,287.80",Squawk,Other,May 08 2025,10:23:03 AM
WMU46 N93TA,2/2/2024 18:50,2/5/2024 12:26,65.6,,Engine,May 08 2025,10:23:03 AM
WMU46 N93TA,2/6/2024 15:22,2/7/2024 12:23,21,Squawk,Engine,May 08 2025,10:23:03 AM
WMU46 N93TA,2/14/2024 17:32,2/19/2024 13:58,116.4,,50 Hr Inspect,May 08 2025,10:23:03 AM
WMU46 N93TA,2/20/2024 12:34,2/20/2024 14:23,1.8,,Engine,May 08 2025,10:23:03 AM
WMU46 N93TA,3/1/2024 10:11,3/4/2024 13:18,75.1,,50 Hr Inspect,May 08 2025,10:23:03 AM
WMU46 N93TA,3/13/2024 9:08,3/13/2024 12:49,3.7,Squawk,,May 08 2025,10:23:03 AM
WMU46 N93TA,3/13/2024 17:40,3/14/2024 8:55,15.3,Squawk,Engine,May 08 2025,10:23:03 AM
WMU46 N93TA,3/28/2024 11:03,3/28/2024 11:30,0.5,,Other,May 08 2025,10:23:03 AM
WMU46 N93TA,3/28/2024 13:44,3/29/2024 14:09,24.4,,50 Hr Inspect,May 08 2025,10:23:03 AM
WMU46 N93TA,4/6/2024 9:23,4/6/2024 11:44,2.4,,Other,May 08 2025,10:23:03 AM
WMU46 N93TA,4/22/2024 14:32,5/16/2024 10:51,572.3,Inspection,,May 08 2025,10:23:03 AM
WMU46 N93TA,5/29/2024 23:57,6/3/2024 7:53,103.9,,50 Hr Inspect,May 08 2025,10:23:03 AM
WMU46 N93TA,6/19/2024 9:30,6/20/2024 14:53,29.4,,50 Hr Inspect,May 08 2025,10:23:03 AM
WMU46 N93TA,6/30/2024 18:55,7/8/2024 10:39,183.7,Inspection,,May 08 2025,10:23:03 AM
WMU46 N93TA,7/13/2024 18:41,7/17/2024 7:45,85.1,,50 Hr Inspect,May 08 2025,10:23:03 AM
WMU46 N93TA,7/31/2024 15:07,8/1/2024 11:59,20.9,Inspection,,May 08 2025,10:23:03 AM
WMU46 N93TA,8/9/2024 8:47,8/9/2024 9:56,1.2,,Other,May 08 2025,10:23:03 AM
WMU46 N93TA,8/15/2024 10:24,8/15/2024 11:12,0.8,,Airframe,May 08 2025,10:23:03 AM
WMU46 N93TA,8/21/2024 15:40,8/28/2024 15:16,167.6,Inspection,,May 08 2025,10:23:03 AM
WMU46 N93TA,9/10/2024 21:23,9/12/2024 10:11,36.8,,Engine,May 08 2025,10:23:03 AM
WMU46 N93TA,9/14/2024 11:50,9/16/2024 11:45,47.9,,Engine,May 08 2025,10:23:03 AM
WMU46 N93TA,9/16/2024 11:56,9/16/2024 13:45,1.8,Squawk,,May 08 2025,10:23:03 AM
WMU46 N93TA,9/17/2024 14:48,9/19/2024 10:26,43.6,,50 Hr Inspect,May 08 2025,10:23:03 AM
WMU46 N93TA,10/8/2024 10:54,10/11/2024 14:23,75.5,Squawk,Avionics,May 08 2025,10:23:03 AM
WMU46 N93TA,10/24/2024 7:58,10/24/2024 9:22,1.4,,Other,May 08 2025,10:23:03 AM
WMU46 N93TA,11/1/2024 17:23,11/2/2024 13:21,20,,Other,May 08 2025,10:23:03 AM
WMU46 N93TA,11/13/2024 14:59,11/18/2024 9:18,114.3,,50 Hr Inspect,May 08 2025,10:23:03 AM
WMU46 N93TA,11/20/2024 16:34,12/6/2024 14:31,382,Squawk,Avionics,May 08 2025,10:23:03 AM
WMU47 N53PB,2/7/2024 17:59,2/8/2024 14:42,20.7,,50 Hr Inspect,May 08 2025,10:23:03 AM
WMU47 N53PB,2/14/2024 15:48,2/14/2024 16:07,0.3,,Airframe,May 08 2025,10:23:03 AM
WMU47 N53PB,2/23/2024 15:48,2/27/2024 17:08,97.3,,50 Hr Inspect,May 08 2025,10:23:03 AM
WMU47 N53PB,3/1/2024 12:42,3/4/2024 8:22,67.7,Squawk,Other,May 08 2025,10:23:03 AM
WMU47 N53PB,3/13/2024 21:53,3/14/2024 12:22,14.5,,Other,May 08 2025,10:23:03 AM
WMU47 N53PB,3/16/2024 9:40,3/16/2024 12:21,2.7,,Avionics,May 08 2025,10:23:03 AM
WMU47 N53PB,3/25/2024 17:11,3/28/2024 11:42,66.5,,50 Hr Inspect,May 08 2025,10:23:03 AM
WMU47 N53PB,4/10/2024 22:24,4/11/2024 11:33,13.2,,50 Hr Inspect,May 08 2025,10:23:03 AM
WMU47 N53PB,4/12/2024 9:58,4/15/2024 14:36,76.6,Inspection,,May 08 2025,10:23:03 AM
WMU47 N53PB,4/25/2024 18:18,4/26/2024 9:14,14.9,,Other,May 08 2025,10:23:03 AM
WMU47 N53PB,4/30/2024 18:02,5/1/2024 9:47,15.8,Squawk,Engine,May 08 2025,10:23:03 AM
WMU47 N53PB,5/2/2024 11:57,5/6/2024 11:41,95.7,,50 Hr Inspect,May 08 2025,10:23:03 AM
WMU47 N53PB,5/15/2024 14:23,5/20/2024 10:45,116.4,,Engine,May 08 2025,10:23:03 AM
WMU47 N53PB,5/21/2024 11:47,5/22/2024 7:09,19.4,,Engine,May 08 2025,10:23:03 AM
WMU47 N53PB,5/22/2024 7:50,5/22/2024 17:22,9.5,Squawk,,May 08 2025,10:23:03 AM
WMU47 N53PB,5/28/2024 19:38,5/30/2024 16:28,44.8,,50 Hr Inspect,May 08 2025,10:23:03 AM
WMU47 N53PB,6/3/2024 16:03,6/3/2024 18:45,2.7,,Avionics,May 08 2025,10:23:03 AM
WMU47 N53PB,6/13/2024 13:44,6/17/2024 13:56,96.2,,50 Hr Inspect,May 08 2025,10:23:03 AM
WMU47 N53PB,6/17/2024 15:36,6/17/2024 16:10,0.6,Squawk,,May 08 2025,10:23:03 AM
WMU47 N53PB,6/19/2024 10:35,6/20/2024 10:17,23.7,,Other,May 08 2025,10:23:03 AM
WMU47 N53PB,6/21/2024 6:44,6/24/2024 13:50,79.1,Squawk,,May 08 2025,10:23:03 AM
WMU47 N53PB,7/8/2024 14:21,7/11/2024 9:38,67.3,Squawk,,May 08 2025,10:23:03 AM
WMU47 N53PB,7/11/2024 15:03,7/11/2024 15:52,0.8,,Avionics,May 08 2025,10:23:03 AM
WMU47 N53PB,7/12/2024 10:38,7/12/2024 16:52,6.2,,Avionics,May 08 2025,10:23:03 AM
WMU47 N53PB,7/15/2024 12:25,7/16/2024 10:47,22.4,,Other,May 08 2025,10:23:03 AM
WMU47 N53PB,7/16/2024 23:30,7/23/2024 13:22,157.9,,50 Hr Inspect,May 08 2025,10:23:03 AM
WMU47 N53PB,7/30/2024 9:16,7/31/2024 10:17,25,Inspection,,May 08 2025,10:23:03 AM
WMU47 N53PB,7/31/2024 10:24,7/31/2024 11:30,1.1,Inspection,,May 08 2025,10:23:03 AM
WMU47 N53PB,7/31/2024 19:37,8/1/2024 8:00,12.4,,Avionics,May 08 2025,10:23:03 AM
WMU47 N53PB,8/7/2024 16:56,8/8/2024 9:50,16.9,,Other,May 08 2025,10:23:03 AM
WMU47 N53PB,8/13/2024 14:38,8/19/2024 13:45,143.1,,50 Hr Inspect,May 08 2025,10:23:03 AM
WMU47 N53PB,8/28/2024 23:10,8/30/2024 6:41,31.5,,Engine,May 08 2025,10:23:03 AM
WMU47 N53PB,8/30/2024 11:22,9/9/2024 10:27,239.1,Squawk,,May 08 2025,10:23:03 AM
WMU47 N53PB,9/9/2024 11:56,9/10/2024 6:45,18.8,Squawk,,May 08 2025,10:23:03 AM
WMU47 N53PB,9/10/2024 16:35,9/11/2024 10:42,18.1,,Engine,May 08 2025,10:23:03 AM
WMU47 N53PB,9/11/2024 15:08,9/13/2024 9:29,42.4,,Eng Abnorm Noise,May 08 2025,10:23:03 AM
WMU47 N53PB,9/16/2024 11:56,9/16/2024 19:57,8,,Engine,May 08 2025,10:23:03 AM
WMU47 N53PB,9/21/2024 13:52,9/24/2024 13:30,71.6,,50 Hr Inspect,May 08 2025,10:23:03 AM
WMU47 N53PB,10/1/2024 18:59,10/2/2024 14:35,19.6,,50 Hr Inspect,May 08 2025,10:23:03 AM
WMU47 N53PB,10/10/2024 18:58,10/11/2024 7:24,12.4,,Other,May 08 2025,10:23:03 AM
WMU47 N53PB,10/14/2024 16:39,10/14/2024 20:06,3.5,,Airframe Damage,May 08 2025,10:23:03 AM
WMU47 N53PB,10/17/2024 14:16,10/22/2024 8:08,113.9,Inspection,,May 08 2025,10:23:03 AM
WMU47 N53PB,10/26/2024 16:13,10/28/2024 8:49,40.6,,Other,May 08 2025,10:23:03 AM
WMU47 N53PB,11/11/2024 6:36,11/12/2024 8:37,26,Inspection,,May 08 2025,10:23:03 AM
WMU48 N156CS,9/20/2023 10:47,1/29/2024 17:55,"3,151.10",Squawk,,May 08 2025,10:23:03 AM
WMU48 N156CS,9/20/2023 11:57,1/19/2024 10:46,"2,902.80",Squawk,,May 08 2025,10:23:03 AM
WMU48 N156CS,1/30/2024 12:22,2/5/2024 9:36,141.2,Inspection,,May 08 2025,10:23:03 AM
WMU48 N156CS,2/5/2024 14:06,2/5/2024 14:55,0.8,,Other,May 08 2025,10:23:03 AM
WMU48 N156CS,2/14/2024 16:33,2/16/2024 10:38,42.1,,Other,May 08 2025,10:23:03 AM
WMU48 N156CS,2/19/2024 10:40,2/19/2024 13:04,2.4,Squawk,Engine,May 08 2025,10:23:03 AM
WMU48 N156CS,2/27/2024 6:56,2/27/2024 10:53,4,Inspection,,May 08 2025,10:23:03 AM
WMU48 N156CS,3/1/2024 11:39,3/1/2024 11:40,0,Squawk,Aircraft Malfunc,May 08 2025,10:23:03 AM
WMU48 N156CS,3/1/2024 11:41,3/1/2024 14:18,2.6,,Airframe Damage,May 08 2025,10:23:03 AM
WMU48 N156CS,3/15/2024 6:38,3/27/2024 13:36,295,Squawk,,May 08 2025,10:23:03 AM
WMU48 N156CS,4/6/2024 10:46,5/21/2024 7:36,"1,076.80",,Engine,May 08 2025,10:23:03 AM
WMU48 N156CS,6/4/2024 7:00,6/6/2024 7:59,49,Inspection,,May 08 2025,10:23:03 AM
WMU48 N156CS,6/22/2024 12:16,6/26/2024 14:01,97.8,,50 Hr Inspect,May 08 2025,10:23:03 AM
WMU48 N156CS,6/28/2024 10:14,7/1/2024 10:27,72.2,,Engine,May 08 2025,10:23:03 AM
WMU48 N156CS,7/16/2024 17:46,7/17/2024 12:58,19.2,,50 Hr Inspect,May 08 2025,10:23:03 AM
WMU48 N156CS,7/17/2024 13:00,7/17/2024 13:37,0.6,Inspection,,May 08 2025,10:23:03 AM
WMU48 N156CS,7/18/2024 16:57,7/19/2024 9:37,16.7,,Engine,May 08 2025,10:23:03 AM
WMU48 N156CS,7/22/2024 13:01,7/22/2024 17:57,4.9,,Avionics,May 08 2025,10:23:03 AM
WMU48 N156CS,7/22/2024 17:59,7/23/2024 13:18,19.3,Squawk,,May 08 2025,10:23:03 AM
WMU48 N156CS,7/31/2024 16:14,8/1/2024 9:45,17.5,,Engine,May 08 2025,10:23:03 AM
WMU48 N156CS,8/8/2024 14:12,8/9/2024 17:03,26.9,Inspection,,May 08 2025,10:23:03 AM
WMU48 N156CS,8/12/2024 23:43,8/14/2024 8:01,32.3,,Other,May 08 2025,10:23:03 AM
WMU48 N156CS,8/14/2024 17:20,8/15/2024 12:14,18.9,,Engine,May 08 2025,10:23:03 AM
WMU48 N156CS,8/21/2024 12:12,8/22/2024 9:32,21.3,Squawk,Engine,May 08 2025,10:23:03 AM
WMU48 N156CS,8/29/2024 6:43,9/3/2024 12:05,125.4,Inspection,,May 08 2025,10:23:03 AM
WMU48 N156CS,9/18/2024 13:17,9/20/2024 15:33,50.3,,50 Hr Inspect,May 08 2025,10:23:03 AM
WMU48 N156CS,10/5/2024 13:21,10/5/2024 13:35,0.2,,Engine,May 08 2025,10:23:03 AM
WMU48 N156CS,10/5/2024 13:37,10/7/2024 8:08,42.5,,Engine,May 08 2025,10:23:03 AM
WMU48 N156CS,10/9/2024 12:21,10/10/2024 7:58,19.6,Squawk,,May 08 2025,10:23:03 AM
WMU48 N156CS,10/10/2024 14:33,10/14/2024 13:49,95.3,,50 Hr Inspect,May 08 2025,10:23:03 AM
WMU48 N156CS,11/6/2024 12:56,11/6/2024 14:53,2,,Airframe Damage,May 08 2025,10:23:03 AM
WMU48 N156CS,11/8/2024 11:24,11/12/2024 13:52,98.5,,50 Hr Inspect,May 08 2025,10:23:03 AM
WMU48 N156CS,11/27/2024 9:56,12/6/2024 12:43,218.8,,Avionics,May 08 2025,10:23:03 AM
WMU48 N156CS,12/9/2024 20:22,12/11/2024 14:09,41.8,,Engine,May 08 2025,10:23:03 AM
WMU49 N81EZ,1/17/2024 18:16,1/18/2024 11:10,16.9,Squawk,,May 08 2025,10:23:03 AM
WMU49 N81EZ,2/9/2024 12:12,2/9/2024 16:47,4.6,Squawk,Other,May 08 2025,10:23:03 AM
WMU49 N81EZ,2/13/2024 17:20,2/13/2024 18:20,1,,Other,May 08 2025,10:23:03 AM
WMU49 N81EZ,2/14/2024 7:36,2/15/2024 8:45,25.2,Inspection,,May 08 2025,10:23:03 AM
WMU49 N81EZ,2/29/2024 9:57,3/1/2024 14:11,28.2,,50 Hr Inspect,May 08 2025,10:23:03 AM
WMU49 N81EZ,3/15/2024 12:48,3/20/2024 13:24,120.6,,Avionics,May 08 2025,10:23:03 AM
WMU49 N81EZ,3/26/2024 6:42,3/26/2024 9:17,2.6,Squawk,,May 08 2025,10:23:03 AM
WMU49 N81EZ,3/28/2024 19:42,4/2/2024 14:08,114.4,,50 Hr Inspect,May 08 2025,10:23:03 AM
WMU49 N81EZ,4/8/2024 12:26,4/8/2024 13:05,0.7,,Airframe,May 08 2025,10:23:03 AM
WMU49 N81EZ,4/16/2024 6:36,4/16/2024 8:09,1.6,Squawk,,May 08 2025,10:23:03 AM
WMU49 N81EZ,4/22/2024 11:42,4/25/2024 13:36,73.9,,50 Hr Inspect,May 08 2025,10:23:03 AM
WMU49 N81EZ,5/1/2024 14:53,5/6/2024 14:54,120,,Avionics,May 08 2025,10:23:03 AM
WMU49 N81EZ,5/18/2024 10:22,5/22/2024 15:43,101.4,,50 Hr Inspect,May 08 2025,10:23:03 AM
WMU49 N81EZ,5/23/2024 12:47,5/23/2024 14:22,1.6,,Avionics,May 08 2025,10:23:03 AM
WMU49 N81EZ,6/4/2024 18:49,6/7/2024 13:04,66.3,,50 Hr Inspect,May 08 2025,10:23:03 AM
WMU49 N81EZ,6/11/2024 13:19,6/11/2024 14:56,1.6,,Airframe,May 08 2025,10:23:03 AM
WMU49 N81EZ,6/21/2024 13:26,6/25/2024 13:36,96.2,,50 Hr Inspect,May 08 2025,10:23:03 AM
WMU49 N81EZ,6/27/2024 13:41,6/27/2024 14:50,1.2,Squawk,,May 08 2025,10:23:03 AM
WMU49 N81EZ,7/12/2024 7:05,7/19/2024 12:20,173.3,Squawk,,May 08 2025,10:23:03 AM
WMU49 N81EZ,7/19/2024 14:15,7/19/2024 15:01,0.8,,Avionics,May 08 2025,10:23:03 AM
WMU49 N81EZ,7/20/2024 13:52,7/22/2024 10:55,45.1,,Other,May 08 2025,10:23:03 AM
WMU49 N81EZ,7/30/2024 8:15,7/30/2024 14:34,6.3,,Avionics,May 08 2025,10:23:03 AM
WMU49 N81EZ,7/30/2024 19:18,7/31/2024 10:55,15.6,Squawk,Avionics,May 08 2025,10:23:03 AM
WMU49 N81EZ,7/31/2024 18:22,8/7/2024 8:43,158.4,,50 Hr Inspect,May 08 2025,10:23:03 AM
WMU49 N81EZ,8/7/2024 16:17,8/14/2024 13:57,165.7,Squawk,,May 08 2025,10:23:03 AM
WMU49 N81EZ,8/20/2024 9:30,8/20/2024 10:52,1.4,,Engine,May 08 2025,10:23:03 AM
WMU49 N81EZ,8/31/2024 13:32,9/5/2024 10:45,117.2,,50 Hr Inspect,May 08 2025,10:23:03 AM
WMU49 N81EZ,9/7/2024 18:20,9/9/2024 8:48,38.5,,Airframe,May 08 2025,10:23:03 AM
WMU49 N81EZ,9/10/2024 7:15,9/10/2024 10:53,3.6,Squawk,,May 08 2025,10:23:03 AM
WMU49 N81EZ,9/19/2024 14:56,9/23/2024 11:43,92.8,,50 Hr Inspect,May 08 2025,10:23:03 AM
WMU49 N81EZ,9/26/2024 11:53,9/26/2024 15:33,3.7,Squawk,Engine,May 08 2025,10:23:03 AM
WMU49 N81EZ,9/30/2024 17:59,10/2/2024 11:27,41.5,,Avionics,May 08 2025,10:23:03 AM
WMU49 N81EZ,10/10/2024 9:46,10/11/2024 10:14,24.5,,50 Hr Inspect,May 08 2025,10:23:03 AM
WMU49 N81EZ,10/22/2024 17:19,10/22/2024 17:21,0,Squawk,Other,May 08 2025,10:23:03 AM
WMU49 N81EZ,11/8/2024 8:22,11/8/2024 13:08,4.8,Inspection,,May 08 2025,10:23:03 AM
WMU49 N81EZ,11/18/2024 15:08,11/18/2024 15:27,0.3,Squawk,,May 08 2025,10:23:03 AM
WMU49 N81EZ,11/26/2024 20:16,11/27/2024 14:07,17.9,,Other,May 08 2025,10:23:03 AM
WMU49 N81EZ,12/13/2024 19:17,12/16/2024 14:55,67.6,Squawk,,May 08 2025,10:23:03 AM
WMU50 N191JG,12/12/2023 12:04,2/1/2024 9:48,"1,221.70",,Engine,May 08 2025,10:23:03 AM
WMU50 N191JG,2/1/2024 13:46,2/1/2024 15:14,1.5,,Other,May 08 2025,10:23:03 AM
WMU50 N191JG,2/2/2024 8:57,2/4/2024 13:00,52.1,Squawk,,May 08 2025,10:23:03 AM
WMU50 N191JG,2/20/2024 12:24,2/20/2024 13:03,0.6,,Avionics,May 08 2025,10:23:03 AM
WMU50 N191JG,2/20/2024 14:48,2/21/2024 12:55,22.1,,50 Hr Inspect,May 08 2025,10:23:03 AM
WMU50 N191JG,2/22/2024 15:27,2/22/2024 16:13,0.8,,Airframe,May 08 2025,10:23:03 AM
WMU50 N191JG,2/22/2024 17:13,2/22/2024 18:06,0.9,,Other,May 08 2025,10:23:03 AM
WMU50 N191JG,2/23/2024 15:48,2/24/2024 8:42,16.9,,Propeller,May 08 2025,10:23:03 AM
WMU50 N191JG,3/1/2024 15:41,3/1/2024 17:29,1.8,,Other,May 08 2025,10:23:03 AM
WMU50 N191JG,3/11/2024 16:18,3/12/2024 9:17,17,,Engine,May 08 2025,10:23:03 AM
WMU50 N191JG,3/12/2024 11:50,3/12/2024 17:42,5.9,,Airframe,May 08 2025,10:23:03 AM
WMU50 N191JG,3/15/2024 20:50,3/16/2024 10:50,14,Squawk,Engine,May 08 2025,10:23:03 AM
WMU50 N191JG,3/30/2024 8:59,4/1/2024 11:58,51,,Other,May 08 2025,10:23:03 AM
WMU50 N191JG,4/1/2024 17:25,4/3/2024 14:47,45.4,,50 Hr Inspect,May 08 2025,10:23:03 AM
WMU50 N191JG,4/16/2024 11:46,4/16/2024 14:13,2.5,,Avionics,May 08 2025,10:23:03 AM
WMU50 N191JG,4/23/2024 10:22,4/23/2024 11:39,1.3,,Engine,May 08 2025,10:23:03 AM
WMU50 N191JG,4/25/2024 12:44,4/27/2024 14:28,49.7,,50 Hr Inspect,May 08 2025,10:23:03 AM
WMU50 N191JG,4/30/2024 15:04,5/1/2024 15:11,24.1,,Other,May 08 2025,10:23:03 AM
WMU50 N191JG,5/13/2024 12:10,5/13/2024 12:13,0.1,Squawk,,May 08 2025,10:23:03 AM
WMU50 N191JG,5/16/2024 10:54,5/17/2024 10:08,23.2,,Other,May 08 2025,10:23:03 AM
WMU50 N191JG,5/18/2024 21:00,5/22/2024 15:48,90.8,,50 Hr Inspect,May 08 2025,10:23:03 AM
WMU50 N191JG,6/4/2024 21:13,6/7/2024 9:17,60.1,,50 Hr Inspect,May 08 2025,10:23:03 AM
WMU50 N191JG,6/11/2024 12:18,6/13/2024 11:52,47.6,Squawk,Engine,May 08 2025,10:23:03 AM
WMU50 N191JG,6/26/2024 14:12,7/1/2024 7:04,112.9,Inspection,,May 08 2025,10:23:03 AM
WMU50 N191JG,7/8/2024 11:03,7/9/2024 10:18,23.3,,Airframe,May 08 2025,10:23:03 AM
WMU50 N191JG,7/9/2024 11:14,7/9/2024 11:48,0.6,,Engine,May 08 2025,10:23:03 AM
WMU50 N191JG,7/18/2024 18:40,7/19/2024 15:09,20.5,,50 Hr Inspect,May 08 2025,10:23:03 AM
WMU50 N191JG,7/19/2024 15:41,7/19/2024 16:19,0.6,Inspection,,May 08 2025,10:23:03 AM
WMU50 N191JG,7/26/2024 13:21,7/29/2024 13:25,72.1,,Engine,May 08 2025,10:23:03 AM
WMU50 N191JG,8/5/2024 19:19,8/6/2024 10:58,15.7,Squawk,Other,May 08 2025,10:23:03 AM
WMU50 N191JG,8/7/2024 7:28,8/7/2024 10:59,3.5,,Other,May 08 2025,10:23:03 AM
WMU50 N191JG,8/12/2024 22:30,8/15/2024 12:20,61.8,,50 Hr Inspect,May 08 2025,10:23:03 AM
WMU50 N191JG,8/19/2024 19:13,8/20/2024 9:19,14.1,,Engine,May 08 2025,10:23:03 AM
WMU50 N191JG,8/20/2024 22:29,8/22/2024 9:37,35.1,,Engine,May 08 2025,10:23:03 AM
WMU50 N191JG,8/22/2024 11:28,8/23/2024 10:11,22.7,,Engine,May 08 2025,10:23:03 AM
WMU50 N191JG,9/6/2024 13:14,9/9/2024 12:40,71.4,,50 Hr Inspect,May 08 2025,10:23:03 AM
WMU50 N191JG,9/13/2024 14:37,9/16/2024 8:17,65.7,Squawk,,May 08 2025,10:23:03 AM
WMU50 N191JG,9/26/2024 12:09,9/30/2024 13:52,97.7,,50 Hr Inspect,May 08 2025,10:23:03 AM
WMU50 N191JG,10/9/2024 17:28,10/10/2024 9:54,16.4,,Engine,May 08 2025,10:23:03 AM
WMU50 N191JG,10/14/2024 14:34,10/14/2024 15:35,1,Squawk,,May 08 2025,10:23:03 AM
WMU50 N191JG,10/15/2024 14:35,10/17/2024 17:00,50.4,,50 Hr Inspect,May 08 2025,10:23:03 AM
WMU50 N191JG,10/21/2024 10:15,10/23/2024 14:50,52.6,,Engine,May 08 2025,10:23:03 AM
WMU50 N191JG,10/31/2024 7:57,11/1/2024 8:50,24.9,Inspection,,May 08 2025,10:23:03 AM
WMU50 N191JG,11/6/2024 15:07,11/6/2024 15:30,0.4,,Other,May 08 2025,10:23:03 AM
WMU50 N191JG,11/12/2024 7:42,11/12/2024 11:43,4,,Engine,May 08 2025,10:23:03 AM
WMU50 N191JG,11/13/2024 15:13,11/14/2024 12:01,20.8,,50 Hr Inspect,May 08 2025,10:23:03 AM
WMU50 N191JG,12/13/2024 13:50,12/14/2024 14:55,25.1,Squawk,Other,May 08 2025,10:23:03 AM
WMU51 N923JW,12/21/2023 16:33,1/3/2024 13:56,309.4,Inspection,,May 08 2025,10:23:03 AM
WMU51 N923JW,1/16/2024 15:27,1/19/2024 9:17,65.8,,Avionics,May 08 2025,10:23:03 AM
WMU51 N923JW,2/5/2024 8:23,2/5/2024 11:53,3.5,Squawk,,May 08 2025,10:23:03 AM
WMU51 N923JW,2/12/2024 14:25,2/13/2024 8:51,18.4,Squawk,,May 08 2025,10:23:03 AM
WMU51 N923JW,2/14/2024 9:33,2/14/2024 17:20,7.8,Squawk,,May 08 2025,10:23:03 AM
WMU51 N923JW,2/21/2024 15:26,2/23/2024 18:14,50.8,,50 Hr Inspect,May 08 2025,10:23:03 AM
WMU51 N923JW,2/24/2024 16:12,2/26/2024 11:29,43.3,,Other,May 08 2025,10:23:03 AM
WMU51 N923JW,3/13/2024 9:09,3/21/2024 14:51,197.7,Squawk,,May 08 2025,10:23:03 AM
WMU51 N923JW,3/23/2024 10:30,3/25/2024 12:07,49.6,,Engine,May 08 2025,10:23:03 AM
WMU51 N923JW,4/5/2024 14:25,4/9/2024 9:50,91.4,Inspection,,May 08 2025,10:23:03 AM
WMU51 N923JW,4/26/2024 6:58,4/26/2024 9:45,2.8,Squawk,,May 08 2025,10:23:03 AM
WMU51 N923JW,4/29/2024 9:28,5/2/2024 17:46,80.3,,50 Hr Inspect,May 08 2025,10:23:03 AM
WMU51 N923JW,5/6/2024 18:49,5/7/2024 9:47,15,,Other,May 08 2025,10:23:03 AM
WMU51 N923JW,5/20/2024 11:47,5/22/2024 6:57,43.2,,50 Hr Inspect,May 08 2025,10:23:03 AM
WMU51 N923JW,5/23/2024 17:34,5/24/2024 15:31,22,,50 Hr Inspect,May 08 2025,10:23:03 AM
WMU51 N923JW,6/10/2024 11:21,6/10/2024 13:01,1.7,,Engine,May 08 2025,10:23:03 AM
WMU51 N923JW,6/11/2024 10:29,6/20/2024 11:18,216.8,,50 Hr Inspect,May 08 2025,10:23:03 AM
WMU51 N923JW,6/28/2024 11:27,6/28/2024 18:45,7.3,Squawk,,May 08 2025,10:23:03 AM
WMU51 N923JW,7/11/2024 17:56,7/11/2024 18:35,0.7,,Other,May 08 2025,10:23:03 AM
WMU51 N923JW,7/12/2024 17:01,7/16/2024 10:31,89.5,,50 Hr Inspect,May 08 2025,10:23:03 AM
WMU51 N923JW,7/17/2024 15:45,7/17/2024 17:38,1.9,,Other,May 08 2025,10:23:03 AM
WMU51 N923JW,7/27/2024 13:59,7/29/2024 10:04,44.1,Squawk,Avionics,May 08 2025,10:23:03 AM
WMU51 N923JW,7/30/2024 19:51,8/8/2024 9:37,205.8,,50 Hr Inspect,May 08 2025,10:23:03 AM
WMU51 N923JW,8/8/2024 9:37,3/10/2025 8:10,"5,134.60",Squawk,,May 08 2025,10:23:03 AM
WMU52 N851ST,1/8/2024 9:36,1/12/2024 9:32,95.9,Inspection,,May 08 2025,10:23:03 AM
WMU52 N851ST,1/19/2024 15:39,1/21/2024 12:49,45.2,,Engine,May 08 2025,10:23:03 AM
WMU52 N851ST,2/1/2024 12:16,2/1/2024 15:27,3.2,,Other,May 08 2025,10:23:03 AM
WMU52 N851ST,2/9/2024 9:36,2/9/2024 10:13,0.6,Squawk,,May 08 2025,10:23:03 AM
WMU52 N851ST,2/13/2024 6:36,2/13/2024 9:52,3.3,,Other,May 08 2025,10:23:03 AM
WMU52 N851ST,2/14/2024 13:23,2/15/2024 17:32,28.2,,50 Hr Inspect,May 08 2025,10:23:03 AM
WMU52 N851ST,2/15/2024 17:32,2/16/2024 9:48,16.3,Inspection,,May 08 2025,10:23:03 AM
WMU52 N851ST,2/21/2024 9:42,2/21/2024 11:40,2,Squawk,,May 08 2025,10:23:03 AM
WMU52 N851ST,3/7/2024 14:58,3/12/2024 11:52,116.9,,50 Hr Inspect,May 08 2025,10:23:03 AM
WMU52 N851ST,3/15/2024 16:30,3/18/2024 15:18,70.8,,Engine,May 08 2025,10:23:03 AM
WMU52 N851ST,3/15/2024 16:30,3/19/2024 7:47,87.3,Squawk,,May 08 2025,10:23:03 AM
WMU52 N851ST,3/19/2024 10:57,3/19/2024 11:33,0.6,Squawk,,May 08 2025,10:23:03 AM
WMU52 N851ST,4/1/2024 18:22,4/2/2024 8:53,14.5,,Aircraft Malfunc,May 08 2025,10:23:03 AM
WMU52 N851ST,4/3/2024 10:35,4/4/2024 8:56,22.4,,50 Hr Inspect,May 08 2025,10:23:03 AM
WMU52 N851ST,4/16/2024 9:48,4/18/2024 10:22,48.6,,50 Hr Inspect,May 08 2025,10:23:03 AM
WMU52 N851ST,4/26/2024 6:50,5/13/2024 12:38,413.8,Squawk,,May 08 2025,10:23:03 AM
WMU52 N851ST,5/22/2024 20:04,5/23/2024 15:43,19.7,,50 Hr Inspect,May 08 2025,10:23:03 AM
WMU52 N851ST,6/10/2024 18:02,6/11/2024 12:01,18,,Engine,May 08 2025,10:23:03 AM
WMU52 N851ST,6/11/2024 18:16,6/13/2024 12:09,41.9,,50 Hr Inspect,May 08 2025,10:23:03 AM
WMU52 N851ST,6/13/2024 15:25,6/14/2024 8:25,17,Squawk,,May 08 2025,10:23:03 AM
WMU52 N851ST,6/27/2024 14:55,7/2/2024 16:23,121.5,,50 Hr Inspect,May 08 2025,10:23:03 AM
WMU52 N851ST,7/12/2024 12:24,7/12/2024 13:58,1.6,,Engine,May 08 2025,10:23:03 AM
WMU52 N851ST,7/24/2024 14:04,7/25/2024 11:40,21.6,Inspection,50 Hr Inspect,May 08 2025,10:23:03 AM
WMU52 N851ST,8/7/2024 16:38,8/8/2024 8:31,15.9,,Avionics,May 08 2025,10:23:03 AM
WMU52 N851ST,8/13/2024 13:05,8/15/2024 15:42,50.6,,50 Hr Inspect,May 08 2025,10:23:03 AM
WMU52 N851ST,8/29/2024 19:51,9/4/2024 17:03,141.2,,50 Hr Inspect,May 08 2025,10:23:03 AM
WMU52 N851ST,9/12/2024 19:36,9/14/2024 15:06,43.5,,Other,May 08 2025,10:23:03 AM
WMU52 N851ST,9/17/2024 6:33,9/17/2024 16:19,9.8,Squawk,,May 08 2025,10:23:03 AM
WMU52 N851ST,9/25/2024 21:13,9/27/2024 11:28,38.3,,50 Hr Inspect,May 08 2025,10:23:03 AM
WMU52 N851ST,10/2/2024 14:42,10/3/2024 9:34,18.9,Squawk,Airframe Damage,May 08 2025,10:23:03 AM
WMU52 N851ST,10/7/2024 9:21,10/7/2024 10:28,1.1,Squawk,,May 08 2025,10:23:03 AM
WMU52 N851ST,10/10/2024 22:07,10/11/2024 8:49,10.7,,Other,May 08 2025,10:23:03 AM
WMU52 N851ST,10/21/2024 10:51,10/23/2024 14:37,51.8,,50 Hr Inspect,May 08 2025,10:23:03 AM
WMU52 N851ST,11/15/2024 9:01,11/20/2024 11:29,122.5,Inspection,,May 08 2025,10:23:03 AM
WMU52 N851ST,12/6/2024 11:14,12/6/2024 12:11,1,,Other,May 08 2025,10:23:03 AM
WMU52 N851ST,12/7/2024 14:22,12/7/2024 15:05,0.7,,Other,May 08 2025,10:23:03 AM
WMU52 N851ST,12/10/2024 12:33,12/11/2024 7:46,19.2,,Avionics,May 08 2025,10:23:03 AM
WMU53 N36PL,2/3/2024 19:13,2/6/2024 17:05,69.9,,50 Hr Inspect,May 08 2025,10:23:03 AM
WMU53 N36PL,2/14/2024 17:02,2/16/2024 11:13,42.2,,Other,May 08 2025,10:23:03 AM
WMU53 N36PL,2/22/2024 12:19,2/23/2024 11:45,23.4,,100 Hr Inspect,May 08 2025,10:23:03 AM
WMU53 N36PL,3/15/2024 13:10,3/19/2024 10:05,92.9,,50 Hr Inspect,May 08 2025,10:23:03 AM
WMU53 N36PL,3/27/2024 16:19,3/28/2024 10:29,18.2,,Engine,May 08 2025,10:23:03 AM
WMU53 N36PL,3/28/2024 13:21,3/28/2024 15:38,2.3,,Engine,May 08 2025,10:23:03 AM
WMU53 N36PL,4/9/2024 9:52,4/13/2024 8:15,94.4,,50 Hr Inspect,May 08 2025,10:23:03 AM
WMU53 N36PL,4/24/2024 19:02,4/25/2024 11:47,16.8,,Engine,May 08 2025,10:23:03 AM
WMU53 N36PL,4/29/2024 14:47,4/29/2024 17:30,2.7,Squawk,,May 08 2025,10:23:03 AM
WMU53 N36PL,5/2/2024 6:49,5/2/2024 18:37,11.8,Inspection,,May 08 2025,10:23:03 AM
WMU53 N36PL,5/7/2024 16:18,5/8/2024 12:04,19.8,Squawk,,May 08 2025,10:23:03 AM
WMU53 N36PL,5/16/2024 14:14,5/16/2024 17:37,3.4,Squawk,,May 08 2025,10:23:03 AM
WMU53 N36PL,5/21/2024 15:01,5/23/2024 11:02,44,,50 Hr Inspect,May 08 2025,10:23:03 AM
WMU53 N36PL,6/4/2024 18:56,6/7/2024 10:21,63.4,Squawk,Engine,May 08 2025,10:23:03 AM
WMU53 N36PL,6/10/2024 22:40,6/12/2024 13:29,38.8,,Engine,May 08 2025,10:23:03 AM
WMU53 N36PL,6/20/2024 9:25,6/21/2024 9:11,23.8,,Other,May 08 2025,10:23:03 AM
WMU53 N36PL,6/21/2024 15:58,6/22/2024 14:52,22.9,Squawk,,May 08 2025,10:23:03 AM
WMU53 N36PL,6/27/2024 13:39,6/27/2024 15:24,1.8,Squawk,,May 08 2025,10:23:03 AM
WMU53 N36PL,7/8/2024 10:54,7/11/2024 11:38,72.7,,50 Hr Inspect,May 08 2025,10:23:03 AM
WMU53 N36PL,7/18/2024 11:11,7/18/2024 11:47,0.6,,50 Hr Inspect,May 08 2025,10:23:03 AM
WMU53 N36PL,7/19/2024 11:05,8/2/2024 11:35,336.5,Squawk,Other,May 08 2025,10:23:03 AM
WMU53 N36PL,8/3/2024 12:40,8/7/2024 7:59,91.3,Squawk,Engine,May 08 2025,10:23:03 AM
WMU53 N36PL,8/19/2024 17:57,8/19/2024 19:00,1.1,,Other,May 08 2025,10:23:03 AM
WMU53 N36PL,8/26/2024 19:16,8/29/2024 15:25,68.2,,50 Hr Inspect,May 08 2025,10:23:03 AM
WMU53 N36PL,9/4/2024 11:30,9/4/2024 12:17,0.8,Squawk,Engine,May 08 2025,10:23:03 AM
WMU53 N36PL,9/5/2024 10:32,9/6/2024 10:46,24.2,Squawk,Engine,May 08 2025,10:23:03 AM
WMU53 N36PL,9/12/2024 14:43,9/13/2024 12:14,21.5,Squawk,Avionics,May 08 2025,10:23:03 AM
WMU53 N36PL,9/16/2024 17:16,9/17/2024 8:34,15.3,,Engine,May 08 2025,10:23:03 AM
WMU53 N36PL,9/19/2024 7:08,9/19/2024 7:29,0.4,Squawk,,May 08 2025,10:23:03 AM
WMU53 N36PL,9/25/2024 18:37,9/26/2024 8:59,14.4,,Airframe,May 08 2025,10:23:03 AM
WMU53 N36PL,9/30/2024 7:39,9/30/2024 14:30,6.9,Inspection,,May 08 2025,10:23:03 AM
WMU53 N36PL,10/3/2024 6:39,10/16/2024 6:40,312,Inspection,,May 08 2025,10:23:03 AM
WMU53 N36PL,10/16/2024 9:51,12/12/2024 15:41,"1,373.80",Inspection,Engine,May 08 2025,10:23:03 AM
WMU53 N36PL,10/16/2024 15:41,,"4,890.70",Squawk,,May 08 2025,10:23:03 AM
WMU54 N65TH,2/5/2024 11:25,2/5/2024 17:19,5.9,,Engine,May 08 2025,10:23:03 AM
WMU54 N65TH,2/6/2024 16:24,2/6/2024 16:47,0.4,,Other,May 08 2025,10:23:03 AM
WMU54 N65TH,2/7/2024 9:05,2/7/2024 11:20,2.3,,Avionics,May 08 2025,10:23:03 AM
WMU54 N65TH,2/19/2024 18:17,2/21/2024 15:49,45.5,,50 Hr Inspect,May 08 2025,10:23:03 AM
WMU54 N65TH,3/11/2024 9:32,3/13/2024 10:00,48.5,,Avionics,May 08 2025,10:23:03 AM
WMU54 N65TH,3/13/2024 12:29,3/13/2024 17:45,5.3,,Engine,May 08 2025,10:23:03 AM
WMU54 N65TH,3/20/2024 13:29,3/21/2024 11:10,21.7,Inspection,,May 08 2025,10:23:03 AM
WMU54 N65TH,3/28/2024 18:49,3/29/2024 13:27,18.6,,Airframe Damage,May 08 2025,10:23:03 AM
WMU54 N65TH,4/9/2024 8:51,4/10/2024 14:37,29.8,,50 Hr Inspect,May 08 2025,10:23:03 AM
WMU54 N65TH,4/26/2024 11:37,4/27/2024 14:17,26.7,,50 Hr Inspect,May 08 2025,10:23:03 AM
WMU54 N65TH,5/22/2024 6:58,5/23/2024 10:58,28,Inspection,,May 08 2025,10:23:03 AM
WMU54 N65TH,5/31/2024 11:41,6/5/2024 9:19,117.6,,Engine,May 08 2025,10:23:03 AM
WMU54 N65TH,6/7/2024 10:01,6/7/2024 14:57,4.9,,Avionics,May 08 2025,10:23:03 AM
WMU54 N65TH,6/11/2024 19:55,6/11/2024 20:07,0.2,Inspection,Other,May 08 2025,10:23:03 AM
WMU54 N65TH,6/13/2024 13:18,6/17/2024 12:03,94.8,Inspection,,May 08 2025,10:23:03 AM
WMU54 N65TH,6/22/2024 20:17,6/24/2024 9:48,37.5,,Aircraft Malfunc,May 08 2025,10:23:03 AM
WMU54 N65TH,7/1/2024 11:44,7/2/2024 16:05,28.4,,50 Hr Inspect,May 08 2025,10:23:03 AM
WMU54 N65TH,7/8/2024 16:19,7/8/2024 17:18,1,,Aircraft Malfunc,May 08 2025,10:23:03 AM
WMU54 N65TH,7/20/2024 14:39,7/22/2024 15:18,48.7,,Engine,May 08 2025,10:23:03 AM
WMU54 N65TH,7/24/2024 15:38,8/2/2024 15:56,216.3,,50 Hr Inspect,May 08 2025,10:23:03 AM
WMU54 N65TH,8/15/2024 7:08,8/15/2024 7:35,0.5,Squawk,,May 08 2025,10:23:03 AM
WMU54 N65TH,8/15/2024 16:35,8/19/2024 9:10,88.6,,Airframe,May 08 2025,10:23:03 AM
WMU54 N65TH,8/21/2024 13:41,8/23/2024 10:21,44.7,,50 Hr Inspect,May 08 2025,10:23:03 AM
WMU54 N65TH,9/10/2024 12:23,9/11/2024 18:21,30,,50 Hr Inspect,May 08 2025,10:23:03 AM
WMU54 N65TH,9/16/2024 14:02,9/16/2024 15:32,1.5,,Other,May 08 2025,10:23:03 AM
WMU54 N65TH,9/17/2024 11:25,9/27/2024 10:30,239.1,,Avionics,May 08 2025,10:23:03 AM
WMU54 N65TH,9/30/2024 10:16,9/30/2024 15:04,4.8,Inspection,,May 08 2025,10:23:03 AM
WMU54 N65TH,10/2/2024 12:47,10/2/2024 14:04,1.3,,Airframe,May 08 2025,10:23:03 AM
WMU54 N65TH,10/3/2024 16:21,10/4/2024 8:42,16.4,,Other,May 08 2025,10:23:03 AM
WMU54 N65TH,10/4/2024 16:25,10/9/2024 14:43,118.3,,50 Hr Inspect,May 08 2025,10:23:03 AM
WMU54 N65TH,10/25/2024 6:47,11/7/2024 6:51,312.1,Inspection,,May 08 2025,10:23:03 AM
WMU54 N65TH,11/7/2024 6:51,11/7/2024 14:03,7.2,Squawk,,May 08 2025,10:23:03 AM
WMU54 N65TH,11/7/2024 17:48,11/8/2024 10:22,16.6,,Other,May 08 2025,10:23:03 AM
WMU54 N65TH,11/13/2024 11:12,11/13/2024 16:56,5.7,,Other,May 08 2025,10:23:03 AM
WMU54 N65TH,12/13/2024 18:09,12/17/2024 9:46,87.6,,50 Hr Inspect,May 08 2025,10:23:03 AM
WMU55 N140AF,2/7/2024 11:34,2/7/2024 13:44,2.2,,Other,May 08 2025,10:23:03 AM
WMU55 N140AF,2/8/2024 17:00,2/9/2024 14:18,21.3,,50 Hr Inspect,May 08 2025,10:23:03 AM
WMU55 N140AF,2/25/2024 13:16,2/29/2024 9:34,92.3,,50 Hr Inspect,May 08 2025,10:23:03 AM
WMU55 N140AF,3/21/2024 16:57,3/22/2024 17:37,24.7,Inspection,,May 08 2025,10:23:03 AM
WMU55 N140AF,3/28/2024 16:01,3/29/2024 12:46,20.8,Squawk,,May 08 2025,10:23:03 AM
WMU55 N140AF,3/29/2024 19:29,3/30/2024 13:58,18.5,,Airframe,May 08 2025,10:23:03 AM
WMU55 N140AF,4/10/2024 12:02,4/10/2024 12:16,0.2,Squawk,,May 08 2025,10:23:03 AM
WMU55 N140AF,4/15/2024 14:18,4/16/2024 14:35,24.3,Inspection,,May 08 2025,10:23:03 AM
WMU55 N140AF,4/29/2024 11:33,4/29/2024 14:47,3.2,,Other,May 08 2025,10:23:03 AM
WMU55 N140AF,5/4/2024 12:08,5/7/2024 6:58,66.8,Inspection,50 Hr Inspect,May 08 2025,10:23:03 AM
WMU55 N140AF,5/20/2024 6:12,5/20/2024 7:13,1,Inspection,,May 08 2025,10:23:03 AM
WMU55 N140AF,5/20/2024 11:16,5/22/2024 16:12,52.9,Squawk,,May 08 2025,10:23:03 AM
WMU55 N140AF,5/23/2024 13:51,5/24/2024 15:22,25.5,Squawk,,May 08 2025,10:23:03 AM
WMU55 N140AF,6/28/2024 11:37,7/2/2024 15:28,99.9,,50 Hr Inspect,May 08 2025,10:23:03 AM
WMU55 N140AF,7/2/2024 16:03,7/3/2024 7:46,15.7,Inspection,,May 08 2025,10:23:03 AM
WMU55 N140AF,7/13/2024 16:35,7/17/2024 10:55,90.3,,Other,May 08 2025,10:23:03 AM
WMU55 N140AF,7/25/2024 9:18,7/25/2024 10:25,1.1,,Other,May 08 2025,10:23:03 AM
WMU55 N140AF,7/27/2024 12:23,7/29/2024 17:26,53.1,,50 Hr Inspect,May 08 2025,10:23:03 AM
WMU55 N140AF,7/31/2024 16:44,8/1/2024 7:37,14.9,,Avionics,May 08 2025,10:23:03 AM
WMU55 N140AF,8/1/2024 15:21,8/8/2024 8:45,161.4,Squawk,Avionics,May 08 2025,10:23:03 AM
WMU55 N140AF,8/13/2024 16:34,11/26/2024 15:54,"2,519.30",Squawk,Avionics,May 08 2025,10:23:03 AM
WMU55 N140AF,12/13/2024 11:40,12/17/2024 16:49,101.2,,Other,May 08 2025,10:23:03 AM
WMU56 N91SA,1/21/2024 11:19,1/22/2024 9:38,22.3,,Other,May 08 2025,10:23:03 AM
WMU56 N91SA,1/29/2024 8:08,2/1/2024 7:16,71.1,Squawk,,May 08 2025,10:23:03 AM
WMU56 N91SA,2/4/2024 17:29,2/6/2024 13:10,43.7,,50 Hr Inspect,May 08 2025,10:23:03 AM
WMU56 N91SA,2/6/2024 13:10,2/7/2024 14:53,25.7,Inspection,,May 08 2025,10:23:03 AM
WMU56 N91SA,2/19/2024 14:10,2/19/2024 14:35,0.4,,Airframe,May 08 2025,10:23:03 AM
WMU56 N91SA,2/23/2024 16:52,2/29/2024 10:43,137.9,,50 Hr Inspect,May 08 2025,10:23:03 AM
WMU56 N91SA,3/12/2024 13:44,3/13/2024 9:28,19.7,,Engine,May 08 2025,10:23:03 AM
WMU56 N91SA,3/13/2024 14:10,3/14/2024 15:16,25.1,,Other,May 08 2025,10:23:03 AM
WMU56 N91SA,3/15/2024 14:58,3/16/2024 11:37,20.7,,Engine,May 08 2025,10:23:03 AM
WMU56 N91SA,3/28/2024 11:47,3/29/2024 11:14,23.5,,50 Hr Inspect,May 08 2025,10:23:03 AM
WMU56 N91SA,3/29/2024 17:46,4/1/2024 8:37,62.9,,Avionics,May 08 2025,10:23:03 AM
WMU56 N91SA,4/18/2024 16:02,4/22/2024 9:25,89.4,,Engine,May 08 2025,10:23:03 AM
WMU56 N91SA,4/23/2024 16:24,4/26/2024 10:42,66.3,,50 Hr Inspect,May 08 2025,10:23:03 AM
WMU56 N91SA,5/2/2024 15:00,5/2/2024 15:23,0.4,,Avionics,May 08 2025,10:23:03 AM
WMU56 N91SA,5/4/2024 15:35,5/6/2024 12:05,44.5,,Engine,May 08 2025,10:23:03 AM
WMU56 N91SA,5/10/2024 9:58,5/10/2024 11:17,1.3,,Propeller,May 08 2025,10:23:03 AM
WMU56 N91SA,5/13/2024 16:48,5/14/2024 10:02,17.2,,Propeller,May 08 2025,10:23:03 AM
WMU56 N91SA,5/16/2024 17:42,5/17/2024 15:58,22.3,,50 Hr Inspect,May 08 2025,10:23:03 AM
WMU56 N91SA,5/24/2024 13:24,5/24/2024 17:30,4.1,,Other,May 08 2025,10:23:03 AM
WMU56 N91SA,5/29/2024 23:29,5/30/2024 8:45,9.3,,Avionics,May 08 2025,10:23:03 AM
WMU56 N91SA,5/30/2024 12:52,5/30/2024 13:17,0.4,,Airframe,May 08 2025,10:23:03 AM
WMU56 N91SA,6/1/2024 11:47,6/6/2024 16:21,124.6,,50 Hr Inspect,May 08 2025,10:23:03 AM
WMU56 N91SA,6/13/2024 13:14,6/14/2024 9:09,19.9,,Other,May 08 2025,10:23:03 AM
WMU56 N91SA,6/22/2024 11:27,6/25/2024 16:02,76.6,,50 Hr Inspect,May 08 2025,10:23:03 AM
WMU56 N91SA,6/26/2024 21:31,6/27/2024 8:06,10.6,,Avionics,May 08 2025,10:23:03 AM
WMU56 N91SA,7/15/2024 18:02,7/18/2024 11:33,65.5,,50 Hr Inspect,May 08 2025,10:23:03 AM
WMU56 N91SA,8/5/2024 6:50,8/6/2024 9:42,26.9,Inspection,,May 08 2025,10:23:03 AM
WMU56 N91SA,8/21/2024 12:40,8/21/2024 13:44,1.1,,Other,May 08 2025,10:23:03 AM
WMU56 N91SA,8/21/2024 19:45,8/23/2024 11:08,39.4,,50 Hr Inspect,May 08 2025,10:23:03 AM
WMU56 N91SA,8/26/2024 13:49,8/28/2024 15:17,49.5,Squawk,Engine,May 08 2025,10:23:03 AM
WMU56 N91SA,9/3/2024 8:45,9/3/2024 9:48,1.1,Squawk,,May 08 2025,10:23:03 AM
WMU56 N91SA,9/3/2024 18:20,9/4/2024 11:37,17.3,,Other,May 08 2025,10:23:03 AM
WMU56 N91SA,9/10/2024 22:52,9/11/2024 9:03,10.2,,Other,May 08 2025,10:23:03 AM
WMU56 N91SA,9/12/2024 20:02,9/14/2024 8:15,36.2,,50 Hr Inspect,May 08 2025,10:23:03 AM
WMU56 N91SA,9/30/2024 6:40,10/2/2024 14:02,55.4,Squawk,,May 08 2025,10:23:03 AM
WMU56 N91SA,10/4/2024 18:51,10/7/2024 15:20,68.5,Inspection,,May 08 2025,10:23:03 AM
WMU56 N91SA,10/9/2024 16:05,10/10/2024 14:54,22.8,,Engine,May 08 2025,10:23:03 AM
WMU56 N91SA,10/23/2024 17:23,10/24/2024 17:51,24.5,,Other,May 08 2025,10:23:03 AM
WMU56 N91SA,11/5/2024 12:06,11/5/2024 18:19,6.2,Inspection,,May 08 2025,10:23:03 AM
WMU56 N91SA,11/12/2024 19:54,11/13/2024 8:05,12.2,,Engine,May 08 2025,10:23:03 AM
WMU56 N91SA,11/19/2024 9:26,11/19/2024 9:44,0.3,Squawk,,May 08 2025,10:23:03 AM
WMU56 N91SA,12/2/2024 15:35,12/4/2024 15:01,47.4,,Avionics,May 08 2025,10:23:03 AM
WMU56 N91SA,12/13/2024 16:00,12/17/2024 12:03,92.1,,50 Hr Inspect,May 08 2025,10:23:03 AM
WMU57 N651BS,2/2/2024 20:07,2/3/2024 10:25,14.3,,Avionics,May 08 2025,10:23:03 AM
WMU57 N651BS,2/9/2024 16:58,2/13/2024 9:32,88.6,,50 Hr Inspect,May 08 2025,10:23:03 AM
WMU57 N651BS,2/16/2024 11:19,2/26/2024 17:06,245.8,,Other,May 08 2025,10:23:03 AM
WMU57 N651BS,3/1/2024 13:36,3/11/2024 11:46,238.2,,Avionics,May 08 2025,10:23:03 AM
WMU57 N651BS,3/23/2024 12:30,3/25/2024 7:38,43.1,,50 Hr Inspect,May 08 2025,10:23:03 AM
WMU57 N651BS,3/25/2024 17:27,3/28/2024 8:27,63,,50 Hr Inspect,May 08 2025,10:23:03 AM
WMU57 N651BS,4/15/2024 13:48,4/16/2024 9:47,20,Squawk,Engine,May 08 2025,10:23:03 AM
WMU57 N651BS,4/16/2024 16:11,4/18/2024 15:04,46.9,,50 Hr Inspect,May 08 2025,10:23:03 AM
WMU57 N651BS,5/6/2024 18:43,5/7/2024 9:54,15.2,,Other,May 08 2025,10:23:03 AM
WMU57 N651BS,5/10/2024 18:22,5/14/2024 11:18,88.9,,50 Hr Inspect,May 08 2025,10:23:03 AM
WMU57 N651BS,5/20/2024 6:10,5/20/2024 11:41,5.5,Squawk,,May 08 2025,10:23:03 AM
WMU57 N651BS,5/29/2024 15:18,5/31/2024 11:00,43.7,,50 Hr Inspect,May 08 2025,10:23:03 AM
WMU57 N651BS,6/4/2024 14:50,6/5/2024 7:12,16.4,,Engine,May 08 2025,10:23:03 AM
WMU57 N651BS,6/15/2024 12:23,6/17/2024 10:34,46.2,,Other,May 08 2025,10:23:03 AM
WMU57 N651BS,6/20/2024 7:02,6/20/2024 13:44,6.7,Inspection,,May 08 2025,10:23:03 AM
WMU57 N651BS,7/8/2024 10:39,7/10/2024 15:59,53.3,,50 Hr Inspect,May 08 2025,10:23:03 AM
WMU57 N651BS,7/11/2024 20:40,7/12/2024 7:00,10.3,,Other,May 08 2025,10:23:03 AM
WMU57 N651BS,7/15/2024 13:22,7/16/2024 13:03,23.7,,Engine,May 08 2025,10:23:03 AM
WMU57 N651BS,7/16/2024 14:25,7/19/2024 8:22,66,,Aircraft Malfunc,May 08 2025,10:23:03 AM
WMU57 N651BS,7/19/2024 10:09,7/22/2024 10:15,72.1,,Engine,May 08 2025,10:23:03 AM
WMU57 N651BS,7/22/2024 19:32,7/23/2024 8:26,12.9,,Other,May 08 2025,10:23:03 AM
WMU57 N651BS,7/24/2024 16:00,7/25/2024 12:59,21,,Airframe,May 08 2025,10:23:03 AM
WMU57 N651BS,7/27/2024 9:38,7/29/2024 11:57,50.3,,Engine,May 08 2025,10:23:03 AM
WMU57 N651BS,8/3/2024 16:07,8/6/2024 14:04,70,,50 Hr Inspect,May 08 2025,10:23:03 AM
WMU57 N651BS,8/20/2024 10:21,8/20/2024 11:57,1.6,Squawk,,May 08 2025,10:23:03 AM
WMU57 N651BS,8/20/2024 17:37,8/21/2024 11:45,18.1,,Engine,May 08 2025,10:23:03 AM
WMU57 N651BS,8/22/2024 15:33,8/26/2024 14:11,94.6,,50 Hr Inspect,May 08 2025,10:23:03 AM
WMU57 N651BS,9/10/2024 16:28,9/11/2024 10:57,18.5,,Engine,May 08 2025,10:23:03 AM
WMU57 N651BS,9/11/2024 17:34,9/26/2024 11:48,354.2,,50 Hr Inspect,May 08 2025,10:23:03 AM
WMU57 N651BS,10/10/2024 16:08,10/15/2024 14:45,118.6,,50 Hr Inspect,May 08 2025,10:23:03 AM
WMU57 N651BS,11/6/2024 20:24,11/7/2024 9:10,12.8,,Airframe,May 08 2025,10:23:03 AM
WMU57 N651BS,11/21/2024 11:07,11/21/2024 17:51,6.7,Squawk,,May 08 2025,10:23:03 AM
WMU57 N651BS,11/26/2024 7:00,12/3/2024 8:59,170,Inspection,,May 08 2025,10:23:03 AM
WMU57 N651BS,12/3/2024 9:23,,"3,745.00",Squawk,,May 08 2025,10:23:03 AM
WMU58 N173WM,8/24/2023 14:27,2/5/2024 8:23,"3,953.90",,Engine,May 08 2025,10:23:03 AM
WMU58 N173WM,2/5/2024 13:44,2/8/2024 8:41,67,,Other,May 08 2025,10:23:03 AM
WMU58 N173WM,2/8/2024 11:19,2/8/2024 11:56,0.6,Squawk,,May 08 2025,10:23:03 AM
WMU58 N173WM,3/1/2024 13:01,3/1/2024 15:13,2.2,,Engine,May 08 2025,10:23:03 AM
WMU58 N173WM,3/5/2024 11:15,3/6/2024 16:21,29.1,Inspection,,May 08 2025,10:23:03 AM
WMU58 N173WM,3/15/2024 10:59,3/15/2024 12:34,1.6,Squawk,,May 08 2025,10:23:03 AM
WMU58 N173WM,3/20/2024 15:45,3/21/2024 7:59,16.2,Squawk,,May 08 2025,10:23:03 AM
WMU58 N173WM,3/22/2024 11:04,3/22/2024 15:02,4,Squawk,,May 08 2025,10:23:03 AM
WMU58 N173WM,3/28/2024 8:56,3/29/2024 8:43,23.8,,50 Hr Inspect,May 08 2025,10:23:03 AM
WMU58 N173WM,4/18/2024 15:40,4/22/2024 14:55,95.3,,50 Hr Inspect,May 08 2025,10:23:03 AM
WMU58 N173WM,4/22/2024 23:59,4/25/2024 8:24,56.4,,Engine,May 08 2025,10:23:03 AM
WMU58 N173WM,5/13/2024 16:45,5/14/2024 17:37,24.9,,50 Hr Inspect,May 08 2025,10:23:03 AM
WMU58 N173WM,5/20/2024 6:09,5/20/2024 6:33,0.4,Squawk,,May 08 2025,10:23:03 AM
WMU58 N173WM,5/20/2024 17:06,5/21/2024 10:27,17.4,,Other,May 08 2025,10:23:03 AM
WMU58 N173WM,5/30/2024 9:57,5/30/2024 14:49,4.9,Squawk,Aircraft Malfunc,May 08 2025,10:23:03 AM
WMU58 N173WM,5/30/2024 17:43,5/31/2024 7:04,13.4,,50 Hr Inspect,May 08 2025,10:23:03 AM
WMU58 N173WM,5/31/2024 11:34,6/6/2024 9:18,141.7,,50 Hr Inspect,May 08 2025,10:23:03 AM
WMU58 N173WM,6/20/2024 13:44,6/22/2024 12:00,46.3,,50 Hr Inspect,May 08 2025,10:23:03 AM
WMU58 N173WM,6/22/2024 12:01,6/22/2024 13:51,1.8,Inspection,,May 08 2025,10:23:03 AM
WMU58 N173WM,7/1/2024 13:17,7/2/2024 7:41,18.4,,Engine,May 08 2025,10:23:03 AM
WMU58 N173WM,7/11/2024 12:27,7/13/2024 9:52,45.4,Squawk,,May 08 2025,10:23:03 AM
WMU58 N173WM,7/18/2024 6:31,7/19/2024 12:28,30,Inspection,,May 08 2025,10:23:03 AM
WMU58 N173WM,7/31/2024 12:12,8/1/2024 10:20,22.1,,Engine,May 08 2025,10:23:03 AM
WMU58 N173WM,8/1/2024 13:42,8/1/2024 13:47,0.1,Inspection,Avionics,May 08 2025,10:23:03 AM
WMU58 N173WM,8/8/2024 17:37,8/10/2024 12:53,43.3,,50 Hr Inspect,May 08 2025,10:23:03 AM
WMU58 N173WM,8/17/2024 9:29,8/17/2024 14:36,5.1,Squawk,,May 08 2025,10:23:03 AM
WMU58 N173WM,8/19/2024 12:19,8/19/2024 16:22,4.1,Squawk,Engine,May 08 2025,10:23:03 AM
WMU58 N173WM,8/22/2024 22:46,8/29/2024 11:43,157,,Engine,May 08 2025,10:23:03 AM
WMU58 N173WM,9/3/2024 18:48,9/6/2024 16:22,69.6,,50 Hr Inspect,May 08 2025,10:23:03 AM
WMU58 N173WM,9/18/2024 17:10,9/23/2024 11:25,114.3,,50 Hr Inspect,May 08 2025,10:23:03 AM
WMU58 N173WM,10/3/2024 15:52,10/3/2024 16:41,0.8,,Airframe,May 08 2025,10:23:03 AM
WMU58 N173WM,10/5/2024 9:20,10/7/2024 10:35,49.3,,Engine,May 08 2025,10:23:03 AM
WMU58 N173WM,10/10/2024 10:22,10/10/2024 14:18,3.9,,Other,May 08 2025,10:23:03 AM
WMU58 N173WM,10/10/2024 16:36,10/12/2024 8:12,39.6,,50 Hr Inspect,May 08 2025,10:23:03 AM
WMU58 N173WM,10/21/2024 15:26,10/21/2024 19:06,3.7,,Other,May 08 2025,10:23:03 AM
WMU58 N173WM,11/1/2024 18:49,11/2/2024 9:47,15,,Other,May 08 2025,10:23:03 AM
WMU58 N173WM,11/7/2024 16:29,11/8/2024 15:48,23.3,,50 Hr Inspect,May 08 2025,10:23:03 AM
WMU58 N173WM,12/9/2024 16:23,12/12/2024 11:37,67.2,,50 Hr Inspect,May 08 2025,10:23:03 AM
Z TEST,9/25/2019 7:11,,"49,251.20",Squawk,,May 08 2025,10:23:03 AM